{"type":"FeatureCollection","features":[{"type":"Feature","id":"RegSO_2025.688","geometry":{"type":"Polygon","coordinates":[[[17.91376313,59.227336],[17.91512281,59.22730408],[17.91512425,59.22730404],[17.91917953,59.22718914],[17.92078607,59.22636893],[17.92274129,59.22537905],[17.92314878,59.22516927],[17.92414874,59.22466335],[17.92421677,59.22462885],[17.92839072,59.22250645],[17.92839113,59.22250626],[17.92833194,59.22186137],[17.92799512,59.21844143],[17.92788342,59.21727979],[17.92732871,59.21167309],[17.92733133,59.21165308],[17.92733612,59.21147617],[17.92734697,59.2112993],[17.92524077,59.21134187],[17.91714322,59.20967758],[17.91748926,59.20997518],[17.91704356,59.21090524],[17.91599611,59.2122008],[17.91600631,59.21280296],[17.91585037,59.21325826],[17.91577415,59.21348098],[17.9155878,59.21376457],[17.91539755,59.21411436],[17.91488301,59.21475029],[17.91486974,59.21476928],[17.91386317,59.21528409],[17.91195581,59.21567371],[17.90748391,59.21583061],[17.90644367,59.21636246],[17.90633841,59.2164162],[17.90432692,59.21678791],[17.90293917,59.21723128],[17.90210793,59.21694628],[17.9011611,59.21653367],[17.9009303,59.21662552],[17.89962255,59.21773439],[17.89938867,59.21858707],[17.89969397,59.21895714],[17.89974872,59.21916965],[17.90015345,59.21962635],[17.9005821,59.22037153],[17.90071639,59.22060481],[17.90080678,59.22078247],[17.90089157,59.22094687],[17.90110662,59.22136702],[17.90100608,59.22196679],[17.90080102,59.22263959],[17.90074916,59.22296678],[17.90079798,59.22305481],[17.90069673,59.22353232],[17.90056226,59.22371402],[17.90119537,59.22418673],[17.90174113,59.22412298],[17.90200404,59.22473332],[17.90265629,59.22542571],[17.90340225,59.22616065],[17.90450434,59.22715446],[17.90505045,59.22758706],[17.90505262,59.22758871],[17.90528453,59.22758227],[17.90779029,59.22751044],[17.90868284,59.22748651],[17.91032792,59.22743101],[17.91142309,59.22739624],[17.91303504,59.22735744],[17.91376313,59.227336]]]},"geometry_name":"sp_geometry","properties":{"objectid":688,"objektidentitet":"ab3bc3bc-3f57-40a1-951a-3853ef032484","objekttyp":"regso","regsokod":"0127R015","regsonamn":"Tullinge villastad","lanskod":"01","kommunkod":"0127","version":"2025_v2","ansvarig_organisation":"Statistiska centralbyrån","referensdatum":"20250101"}},{"type":"Feature","id":"RegSO_2025.815","geometry":{"type":"Polygon","coordinates":[[[17.85150566,59.24301934],[17.85212988,59.2429292],[17.8620903,59.2429796],[17.86207701,59.24268136],[17.86203588,59.24203911],[17.85443998,59.24083946],[17.85420919,59.24074453],[17.85451342,59.24028229],[17.85454341,59.2399786],[17.85443118,59.23986266],[17.8478864,59.23913636],[17.84749533,59.23843907],[17.84419612,59.23845567],[17.84339514,59.238527],[17.84197382,59.23884905],[17.84132214,59.23894747],[17.84051288,59.23899597],[17.83913922,59.23898393],[17.83794503,59.23884155],[17.83712731,59.23872751],[17.83690013,59.2390999],[17.83649288,59.23940588],[17.83462952,59.24025038],[17.83528389,59.24054785],[17.83615511,59.2410234],[17.83727303,59.24190547],[17.83796425,59.2428141],[17.8382733,59.24333551],[17.83897449,59.24435459],[17.84010046,59.24483588],[17.84095381,59.24509106],[17.84207752,59.24516425],[17.84244716,59.24510973],[17.84307545,59.24497229],[17.8436937,59.24478736],[17.84575462,59.24432408],[17.84715754,59.24413113],[17.84914557,59.24369311],[17.84933933,59.24368563],[17.85057402,59.24340109],[17.85091476,59.24330747],[17.85150566,59.24301934]]]},"geometry_name":"sp_geometry","properties":{"objectid":815,"objektidentitet":"147527ba-37e9-40f7-980c-cd04e70e0cb6","objekttyp":"regso","regsokod":"0127R001","regsonamn":"Albyberget","lanskod":"01","kommunkod":"0127","version":"2025_v2","ansvarig_organisation":"Statistiska centralbyrån","referensdatum":"20250101"}},{"type":"Feature","id":"RegSO_2025.816","geometry":{"type":"Polygon","coordinates":[[[17.87393855,59.24283777],[17.8735925,59.24149172],[17.87361775,59.2367431],[17.87935529,59.23302494],[17.87952563,59.23226392],[17.87892174,59.2312905],[17.8788117,59.23116177],[17.87857013,59.23094603],[17.87847112,59.23080223],[17.87842217,59.23078067],[17.87788235,59.23042096],[17.87756327,59.23027692],[17.87721211,59.23009701],[17.87703972,59.23004657],[17.87661409,59.22990245],[17.8762565,59.22978683],[17.87668236,59.22947897],[17.87668304,59.22947841],[17.87668065,59.22947757],[17.87514616,59.22867592],[17.87465723,59.22876363],[17.87415,59.22891051],[17.87400045,59.22896466],[17.87354954,59.22926202],[17.87449919,59.22951216],[17.87431252,59.22968016],[17.87371427,59.23019378],[17.86733167,59.22974501],[17.86696695,59.2297111],[17.86616044,59.22963617],[17.86206283,59.22925569],[17.85614954,59.22856444],[17.84499731,59.22730078],[17.84024605,59.22745659],[17.83565318,59.22760708],[17.83556201,59.22727694],[17.83492823,59.22732373],[17.83466217,59.22745701],[17.83389921,59.22751326],[17.83345034,59.22773803],[17.83310363,59.22776364],[17.83208992,59.22783837],[17.82672557,59.22846719],[17.82588254,59.22856611],[17.82091675,59.22938106],[17.81996712,59.22980709],[17.81507476,59.2313868],[17.81570247,59.23720854],[17.81780128,59.23761361],[17.81957161,59.23784914],[17.82182778,59.23807672],[17.82653932,59.23866793],[17.83290333,59.23963138],[17.83329335,59.2397376],[17.83416133,59.24006851],[17.83462952,59.24025038],[17.83649288,59.23940588],[17.83690013,59.2390999],[17.83712731,59.23872751],[17.83794503,59.23884155],[17.83913922,59.23898393],[17.84051288,59.23899597],[17.84132214,59.23894747],[17.84197382,59.23884905],[17.84339514,59.238527],[17.84419612,59.23845567],[17.84749533,59.23843907],[17.8478864,59.23913636],[17.85443118,59.23986266],[17.85454341,59.2399786],[17.85451342,59.24028229],[17.85420919,59.24074453],[17.85443998,59.24083946],[17.86203588,59.24203911],[17.86207701,59.24268136],[17.8620903,59.2429796],[17.86715608,59.24203538],[17.86855842,59.24198074],[17.8739362,59.24283737],[17.87393855,59.24283777]]]},"geometry_name":"sp_geometry","properties":{"objectid":816,"objektidentitet":"0db47a24-f52d-4c39-b3f6-a87417481e4e","objekttyp":"regso","regsokod":"0127R002","regsonamn":"Albydalen","lanskod":"01","kommunkod":"0127","version":"2025_v2","ansvarig_organisation":"Statistiska centralbyrån","referensdatum":"20250101"}},{"type":"Feature","id":"RegSO_2025.820","geometry":{"type":"Polygon","coordinates":[[[17.92768627,59.20556842],[17.92785929,59.20327051],[17.93378367,59.19501701],[17.93377045,59.19500429],[17.93368873,59.19492545],[17.93333831,59.19463392],[17.93330998,59.19461183],[17.9329242,59.19433215],[17.93250445,59.19406564],[17.93247207,59.19404507],[17.93202032,59.19379266],[17.93198418,59.1937738],[17.93150197,59.19353663],[17.93099141,59.19331565],[17.93095197,59.19329875],[17.93041499,59.1930947],[17.93037241,59.19307985],[17.92981141,59.19289368],[17.92922832,59.19272616],[17.92918305,59.19271362],[17.92858053,59.19256531],[17.92853344,59.19255505],[17.9280853,59.19238475],[17.92752432,59.19219857],[17.9274808,59.19218446],[17.92711746,59.19208008],[17.92742521,59.19189948],[17.92754772,59.19182583],[17.92795468,59.19155415],[17.92832704,59.19126976],[17.92866347,59.19097388],[17.92875544,59.19088933],[17.92905457,59.19058305],[17.92765901,59.18978061],[17.92040871,59.19029032],[17.91808342,59.1890212],[17.9167581,59.18857804],[17.91637351,59.18872144],[17.91606166,59.18869681],[17.91472081,59.1895857],[17.91338608,59.19021838],[17.91183036,59.1906579],[17.909802,59.19005767],[17.90917136,59.18984719],[17.9063589,59.18890798],[17.90465027,59.18826655],[17.90183775,59.18736605],[17.90156586,59.18725048],[17.90100821,59.18747703],[17.90096537,59.1874946],[17.90044494,59.18770046],[17.89982014,59.18804978],[17.89957892,59.18816306],[17.89897067,59.18844886],[17.89720104,59.18931163],[17.89526475,59.19064275],[17.89223336,59.19274928],[17.89012042,59.193372],[17.88930576,59.19366296],[17.887269,59.19463333],[17.88668631,59.19487545],[17.88533062,59.19536052],[17.88319281,59.19572421],[17.88178803,59.19619856],[17.88230904,59.19644745],[17.8820034,59.19734508],[17.88184086,59.19782267],[17.8816276,59.19844909],[17.88158668,59.19856176],[17.88107852,59.19879134],[17.88086,59.19885674],[17.8815477,59.19905719],[17.8834392,59.19931727],[17.88398178,59.19957798],[17.88421236,59.19959388],[17.88502219,59.19969548],[17.88608131,59.20013715],[17.88627984,59.20020973],[17.88638079,59.20025906],[17.88683732,59.20044458],[17.88704914,59.20051013],[17.88753789,59.20066314],[17.88812993,59.20088464],[17.8883755,59.20096839],[17.88866067,59.20107453],[17.88959785,59.20135942],[17.88969343,59.20139125],[17.88977283,59.20142659],[17.8902497,59.20153107],[17.89078594,59.20167816],[17.89090704,59.20170259],[17.89150155,59.20185359],[17.89200892,59.20195819],[17.89223349,59.20190279],[17.89240768,59.20176757],[17.89250536,59.20179864],[17.89312477,59.2019895],[17.89367077,59.20201094],[17.8938103,59.2020824],[17.8940196,59.20216237],[17.89414822,59.20225168],[17.89482253,59.20247483],[17.89519078,59.20271728],[17.89539815,59.20274194],[17.89590185,59.20274141],[17.89656378,59.20282674],[17.8968923,59.20283199],[17.89706597,59.20316637],[17.8976106,59.20365032],[17.8977542,59.20371512],[17.89872369,59.20394981],[17.89881218,59.20425401],[17.89910178,59.2044576],[17.89915279,59.20447146],[17.89993636,59.20481837],[17.89995269,59.20483031],[17.90178325,59.2045219],[17.90191395,59.20451117],[17.90240654,59.20465847],[17.90278936,59.20482834],[17.90462736,59.20520439],[17.9052485,59.20538169],[17.9055255,59.20552157],[17.90609666,59.20569881],[17.90717263,59.20598487],[17.90749435,59.20606779],[17.90796558,59.20624204],[17.90965752,59.20663702],[17.91157849,59.20713348],[17.91179565,59.20730992],[17.91313805,59.20805758],[17.91362507,59.20813839],[17.91381273,59.20815331],[17.91388904,59.20816876],[17.91451493,59.20835822],[17.91473143,59.20845039],[17.91498568,59.20870558],[17.91605788,59.20897764],[17.91641894,59.20909927],[17.91649466,59.2091265],[17.91655639,59.20927757],[17.91714322,59.20967758],[17.92524077,59.21134187],[17.92734697,59.2112993],[17.92735196,59.21121923],[17.92736211,59.21116393],[17.92752551,59.20848684],[17.92766973,59.20625571],[17.92768627,59.20556842]]]},"geometry_name":"sp_geometry","properties":{"objectid":820,"objektidentitet":"746492c0-051e-444f-a1ea-342db187a9ec","objekttyp":"regso","regsokod":"0127R003","regsonamn":"Brantbrink-Tullingeskog-Rörmossen","lanskod":"01","kommunkod":"0127","version":"2025_v2","ansvarig_organisation":"Statistiska centralbyrån","referensdatum":"20250101"}},{"type":"Feature","id":"RegSO_2025.821","geometry":{"type":"Polygon","coordinates":[[[17.73838796,59.26852],[17.75351842,59.2667547],[17.76365433,59.26660007],[17.76908252,59.26176286],[17.77485974,59.2601944],[17.77769068,59.25942573],[17.78315393,59.26004255],[17.78315392,59.26004246],[17.78298183,59.25919073],[17.78491704,59.25823803],[17.78900327,59.25622611],[17.78970933,59.25584229],[17.79600761,59.25221676],[17.79903079,59.25034873],[17.79905344,59.25033216],[17.79938202,59.24988508],[17.79942044,59.24938359],[17.79931996,59.24865782],[17.79927766,59.24848076],[17.79983827,59.24802356],[17.80101697,59.24711725],[17.80108758,59.24706649],[17.80191988,59.24649769],[17.80226099,59.24629207],[17.80371222,59.24547051],[17.80375963,59.245449],[17.80383454,59.24539429],[17.80392773,59.24532958],[17.80395434,59.24531203],[17.80419705,59.24515892],[17.80447258,59.24499173],[17.80539768,59.24444991],[17.80548409,59.24442604],[17.8065745,59.24431546],[17.80840618,59.24426855],[17.80962792,59.24415996],[17.81163553,59.24421036],[17.81242032,59.24398937],[17.81252487,59.24393824],[17.81427627,59.24397572],[17.81467877,59.24398435],[17.81484004,59.24394061],[17.81709621,59.24399731],[17.81713208,59.24401136],[17.82290518,59.24362421],[17.82344446,59.24362885],[17.82624862,59.24346705],[17.82915861,59.2434132],[17.83071269,59.24330365],[17.83226476,59.2431943],[17.83218334,59.24310552],[17.83520238,59.24305555],[17.83796425,59.2428141],[17.83727303,59.24190547],[17.83615511,59.2410234],[17.83528389,59.24054785],[17.83462952,59.24025038],[17.83416133,59.24006851],[17.83329335,59.2397376],[17.83290333,59.23963138],[17.82653932,59.23866793],[17.82182778,59.23807672],[17.81957161,59.23784914],[17.81780128,59.23761361],[17.81570247,59.23720854],[17.81507476,59.2313868],[17.81502417,59.23140451],[17.81420933,59.2316975],[17.81408661,59.23174166],[17.81389885,59.23167916],[17.8138562,59.23166517],[17.813273,59.23149713],[17.81322794,59.23148535],[17.81262521,59.2313365],[17.81200519,59.23120752],[17.81195829,59.23119803],[17.81191136,59.23118997],[17.81134245,59.23104955],[17.81072244,59.23092056],[17.81069013,59.23091443],[17.81005532,59.2308058],[17.80940835,59.23071809],[17.80875185,59.23065142],[17.80871778,59.23064856],[17.80805437,59.23060342],[17.80738652,59.23057984],[17.80671727,59.23057794],[17.80666531,59.23057897],[17.80599698,59.23059888],[17.8053326,59.23064035],[17.8052938,59.23064316],[17.8046358,59.23070614],[17.80398706,59.23079029],[17.80394189,59.23079657],[17.80330484,59.23090158],[17.80271873,59.23101968],[17.79889853,59.23002763],[17.79302594,59.22860381],[17.7888224,59.22724778],[17.78582775,59.22483818],[17.78328484,59.22102271],[17.78323724,59.22090326],[17.77083131,59.22611677],[17.76953413,59.22663069],[17.77197783,59.22877481],[17.77287299,59.23138852],[17.77279458,59.23227093],[17.77274421,59.23244826],[17.77259875,59.23278825],[17.77249495,59.23300202],[17.77237994,59.23326293],[17.7723186,59.23354569],[17.77232469,59.23366163],[17.77232041,59.233844],[17.77233223,59.23401272],[17.77238902,59.23422415],[17.77355363,59.23540355],[17.77159724,59.23761874],[17.77257492,59.23926236],[17.76303223,59.24122147],[17.75713338,59.24066761],[17.7489896,59.24381228],[17.74685868,59.24542446],[17.74660478,59.24727995],[17.74273544,59.24887962],[17.73566608,59.24997356],[17.73521131,59.25202378],[17.73353762,59.25912185],[17.73311201,59.26096285],[17.73291532,59.26204031],[17.73121038,59.26624097],[17.73421254,59.26829187],[17.73838796,59.26852]]]},"geometry_name":"sp_geometry","properties":{"objectid":821,"objektidentitet":"6eca8125-33a5-4076-a87b-9d65a805dac7","objekttyp":"regso","regsokod":"0127R004","regsonamn":"Eriksberg-Sturehov","lanskod":"01","kommunkod":"0127","version":"2025_v2","ansvarig_organisation":"Statistiska centralbyrån","referensdatum":"20250101"}},{"type":"Feature","id":"RegSO_2025.822","geometry":{"type":"Polygon","coordinates":[[[17.86444482,59.26233354],[17.87246292,59.2602818],[17.87246306,59.2602818],[17.87228068,59.25699765],[17.87217004,59.25554794],[17.87137262,59.25473769],[17.87098771,59.25434676],[17.87113488,59.25398614],[17.87170715,59.25241436],[17.87063788,59.25107152],[17.87071614,59.25079632],[17.87237697,59.24973199],[17.87410784,59.24920655],[17.87491083,59.24896277],[17.87311149,59.24664238],[17.87299323,59.24607964],[17.87290445,59.24565729],[17.87296142,59.24469674],[17.87402668,59.24318017],[17.87401121,59.24312014],[17.87393855,59.24283777],[17.8739362,59.24283737],[17.86855842,59.24198074],[17.86715608,59.24203538],[17.8620903,59.2429796],[17.85212988,59.2429292],[17.85150566,59.24301934],[17.85091476,59.24330747],[17.85057402,59.24340109],[17.84933933,59.24368563],[17.84914557,59.24369311],[17.84715754,59.24413113],[17.84575462,59.24432408],[17.8436937,59.24478736],[17.84307545,59.24497229],[17.84244716,59.24510973],[17.84207752,59.24516425],[17.84297061,59.24649517],[17.84343571,59.24683285],[17.84375129,59.24709448],[17.84479026,59.24804838],[17.84530989,59.248198],[17.84554954,59.24825825],[17.84571888,59.24829587],[17.84599243,59.24834801],[17.84632448,59.24840093],[17.84640225,59.24844361],[17.84698652,59.24872989],[17.84800581,59.24916736],[17.84943388,59.24962659],[17.85091918,59.2501558],[17.8514731,59.25014213],[17.85253932,59.24994743],[17.8535046,59.25001447],[17.8528557,59.25201673],[17.85396748,59.25430809],[17.8542542,59.25447024],[17.85427469,59.2545077],[17.85425121,59.25456428],[17.85422114,59.25472709],[17.85424026,59.25530487],[17.8543049,59.25551026],[17.85433593,59.25558019],[17.85452479,59.25590755],[17.85439817,59.25607159],[17.85413561,59.25650785],[17.85374328,59.25765345],[17.85405288,59.25836365],[17.85285157,59.25904123],[17.85257145,59.25921448],[17.8512851,59.26008886],[17.85122796,59.26013063],[17.85077937,59.26054761],[17.84529573,59.2660607],[17.84805506,59.26738732],[17.85583483,59.26726511],[17.86444482,59.26233354]]]},"geometry_name":"sp_geometry","properties":{"objectid":822,"objektidentitet":"a991b433-2628-4b4f-8bec-037bc8b34784","objekttyp":"regso","regsokod":"0127R005","regsonamn":"Fittja","lanskod":"01","kommunkod":"0127","version":"2025_v2","ansvarig_organisation":"Statistiska centralbyrån","referensdatum":"20250101"}},{"type":"Feature","id":"RegSO_2025.823","geometry":{"type":"Polygon","coordinates":[[[17.93502583,59.19328601],[17.93816625,59.19139052],[17.9469253,59.19097155],[17.96139219,59.1883548],[17.96439665,59.18793615],[17.96758318,59.18245844],[17.97038555,59.17760718],[17.97158796,59.16792145],[17.97841062,59.16143206],[17.98331052,59.15719932],[17.98482939,59.15669371],[17.98425166,59.15664006],[17.97889699,59.15523562],[17.97578503,59.15442239],[17.97368627,59.15386889],[17.97295942,59.1536887],[17.97097864,59.15317378],[17.96798528,59.15238965],[17.96642067,59.15198958],[17.96386735,59.15106053],[17.95523893,59.14792661],[17.94672294,59.14482004],[17.94334985,59.14359405],[17.93936911,59.14321457],[17.93177153,59.14248691],[17.93153578,59.14229845],[17.9300057,59.14112283],[17.92760442,59.13924776],[17.92261888,59.13536469],[17.91974467,59.1331104],[17.91652258,59.13058707],[17.91437608,59.12864244],[17.91415943,59.12844929],[17.92158214,59.12018035],[17.91180822,59.11824022],[17.91250001,59.11617082],[17.91401015,59.11184877],[17.91424438,59.11120033],[17.91438622,59.11083994],[17.91323192,59.11036859],[17.9122745,59.11001168],[17.91149866,59.10982309],[17.91182867,59.10895833],[17.90879635,59.10832147],[17.90339691,59.10722303],[17.90370407,59.10622404],[17.90582225,59.10638871],[17.90785984,59.10629417],[17.9091834,59.10664713],[17.91142122,59.10633494],[17.91391224,59.10747299],[17.91587786,59.10773787],[17.91611555,59.10709195],[17.91519597,59.10564677],[17.91359174,59.10331001],[17.90955894,59.10189831],[17.90388852,59.09995339],[17.90102804,59.09879243],[17.90014829,59.09843046],[17.89957657,59.09817713],[17.89696998,59.09708228],[17.8931638,59.09551265],[17.89283366,59.09536998],[17.88949804,59.09397312],[17.88850933,59.09355565],[17.88721855,59.09293988],[17.88654401,59.09261395],[17.88546681,59.0921005],[17.88190602,59.09037398],[17.86982778,59.08493909],[17.86633931,59.08468655],[17.85694109,59.08401661],[17.84586937,59.08611125],[17.84355236,59.08655127],[17.8302035,59.08876293],[17.82399718,59.09228022],[17.82231882,59.0943808],[17.81990532,59.09404017],[17.81819836,59.09382295],[17.8086461,59.09249972],[17.80035813,59.09139581],[17.79909022,59.09122151],[17.78860845,59.08986208],[17.78848446,59.08984399],[17.78570362,59.09109527],[17.78463648,59.09157924],[17.78431068,59.0917253],[17.77669148,59.09517679],[17.77613399,59.09525089],[17.77525255,59.09537199],[17.77504463,59.09539369],[17.76068357,59.09736765],[17.75897475,59.09635707],[17.75576276,59.09452982],[17.75198361,59.09230866],[17.74761821,59.08900194],[17.74297972,59.08542506],[17.74222959,59.08485762],[17.74036177,59.08345058],[17.73982651,59.08301137],[17.7398883,59.08296137],[17.74091452,59.08223798],[17.74112557,59.08210846],[17.74257223,59.0810683],[17.74320134,59.07743371],[17.74342811,59.07629932],[17.74457003,59.06987498],[17.74529443,59.06567095],[17.74564466,59.06333885],[17.73572932,59.0572497],[17.72363358,59.0527548],[17.71843333,59.05082483],[17.71439054,59.04450084],[17.6996772,59.04429566],[17.67522789,59.06592338],[17.68302876,59.06870123],[17.67789083,59.07353882],[17.66898164,59.08191686],[17.66298035,59.08755779],[17.66724759,59.09189911],[17.67312844,59.09784005],[17.67405668,59.09878608],[17.68968236,59.10123541],[17.69522203,59.10164226],[17.68856703,59.11439407],[17.68568645,59.12689689],[17.68547387,59.12741235],[17.68217452,59.13263763],[17.69175737,59.13516054],[17.69697548,59.13655908],[17.69894531,59.13708471],[17.70852442,59.14422584],[17.72650652,59.1468847],[17.7278783,59.151717],[17.72862278,59.15540828],[17.72965077,59.15647672],[17.73489521,59.15589625],[17.73587563,59.15631596],[17.73679282,59.15674023],[17.73672897,59.15694317],[17.73653011,59.15734676],[17.73513958,59.16011224],[17.7368617,59.16034788],[17.73871786,59.16099814],[17.73936796,59.16406935],[17.74043278,59.16556508],[17.74070402,59.16595032],[17.73558568,59.16674916],[17.73061811,59.16721386],[17.73156271,59.16910189],[17.73179891,59.16952462],[17.73287882,59.16938566],[17.73399575,59.1692442],[17.73542376,59.1690588],[17.73563476,59.16914751],[17.73864271,59.17018737],[17.74279646,59.17160903],[17.74077018,59.17283645],[17.73960983,59.17358877],[17.73814563,59.1745507],[17.73629077,59.1757076],[17.73614945,59.17636457],[17.73650853,59.17638925],[17.73672434,59.17640932],[17.73737967,59.17647636],[17.73802529,59.17656445],[17.73813062,59.17658199],[17.73825277,59.17659873],[17.73888635,59.17670764],[17.73898548,59.17672531],[17.73909762,59.17674855],[17.73971624,59.17687789],[17.74031782,59.17702699],[17.7408996,59.17719537],[17.74102225,59.17723267],[17.74149388,59.17739016],[17.74180007,59.17744281],[17.74241871,59.17757214],[17.74255759,59.17760649],[17.74264822,59.17761886],[17.74328183,59.17772783],[17.74343297,59.17775671],[17.74405162,59.17788603],[17.74411009,59.17790052],[17.74418901,59.17789822],[17.74429075,59.17789787],[17.74495896,59.17790001],[17.74562561,59.17792392],[17.74628792,59.17796939],[17.7469433,59.17803638],[17.74758898,59.1781245],[17.74767504,59.17813751],[17.74830869,59.17824645],[17.74892736,59.17837575],[17.74952901,59.17852481],[17.7498942,59.17863054],[17.75033096,59.17866046],[17.75098637,59.17872743],[17.75163206,59.17881545],[17.75226572,59.17892438],[17.75288443,59.17905365],[17.75348611,59.17920269],[17.7539397,59.17933394],[17.75406345,59.17926627],[17.75455008,59.17903146],[17.75497678,59.17885037],[17.75499346,59.17884229],[17.75503309,59.17882537],[17.75554773,59.17860694],[17.75608828,59.17840565],[17.75613112,59.17839081],[17.75669563,59.17820752],[17.75728171,59.1780429],[17.75732704,59.17803034],[17.75793213,59.17788508],[17.75797967,59.17787482],[17.75813491,59.17784349],[17.75815901,59.17783624],[17.75874508,59.17767162],[17.75935017,59.17752635],[17.75997216,59.17740102],[17.76014971,59.17736894],[17.76078592,59.17726415],[17.76130518,59.17719679],[17.76138083,59.1771844],[17.76202866,59.17710037],[17.7622121,59.17707859],[17.76286915,59.17701584],[17.76353255,59.17697459],[17.76419972,59.17695501],[17.76438785,59.17695208],[17.76452285,59.17695244],[17.76483746,59.17691412],[17.76497452,59.1768865],[17.76561069,59.17678168],[17.7662585,59.17669763],[17.7664434,59.17667959],[17.76710044,59.17661691],[17.76767966,59.17658085],[17.76771361,59.17657761],[17.76776302,59.17657287],[17.76842641,59.1765316],[17.76847661,59.17652937],[17.76914377,59.17650975],[17.76981195,59.17651176],[17.76986234,59.17651195],[17.77052898,59.17653573],[17.77057914,59.17653852],[17.77124146,59.17658386],[17.77189686,59.17665073],[17.77194621,59.17665588],[17.77259192,59.17674388],[17.77264003,59.17675147],[17.77327371,59.17686021],[17.77389245,59.17698939],[17.77393901,59.17699926],[17.77454074,59.1771482],[17.77458518,59.17716037],[17.77516712,59.17732869],[17.77572704,59.17751544],[17.77576891,59.17752973],[17.77630459,59.17773442],[17.77635031,59.17775348],[17.77685966,59.17797509],[17.77752811,59.17828223],[17.77753996,59.17828772],[17.77807097,59.1785377],[17.77807413,59.17853925],[17.77859723,59.17878238],[17.77907818,59.17902013],[17.77912066,59.17904195],[17.77957109,59.17929481],[17.77960379,59.17931522],[17.78002203,59.17958225],[17.78040641,59.1798623],[17.78043505,59.17988433],[17.78078402,59.18017637],[17.78080843,59.18019966],[17.78112046,59.18050237],[17.7811351,59.18051904],[17.78120028,59.18052348],[17.78128028,59.18053093],[17.78169658,59.18053217],[17.78236329,59.18055589],[17.7830257,59.18060117],[17.78321282,59.18061575],[17.78386832,59.18068256],[17.78451414,59.1807705],[17.78514793,59.18087918],[17.78532575,59.18091238],[17.78594461,59.1810415],[17.78628348,59.18112532],[17.78641304,59.18113853],[17.78705886,59.18122637],[17.78769268,59.18133513],[17.78788208,59.18137041],[17.78790058,59.18137424],[17.78848563,59.18141423],[17.78914115,59.18148101],[17.78919772,59.18148779],[17.78984356,59.18157561],[17.79047739,59.18168436],[17.79054157,59.18169591],[17.79116046,59.18182501],[17.79130946,59.18185693],[17.79135968,59.18186906],[17.79196157,59.18201792],[17.79254367,59.18218607],[17.79258467,59.18219848],[17.79314477,59.18238524],[17.79318347,59.1823995],[17.7935493,59.18253915],[17.79393301,59.18226651],[17.79396666,59.18224548],[17.79402807,59.18220724],[17.79407515,59.18211019],[17.79427718,59.18178387],[17.79434342,59.18169342],[17.79458559,59.18137423],[17.79486669,59.18106355],[17.7951825,59.18076586],[17.79528604,59.18059842],[17.79530289,59.18057317],[17.79554504,59.18025398],[17.79556673,59.18022971],[17.79577712,59.17999718],[17.79584782,59.17991903],[17.79616681,59.17961812],[17.79619309,59.17959519],[17.79654876,59.17930527],[17.7969395,59.17902752],[17.79697007,59.17900593],[17.7973945,59.17874139],[17.79742911,59.17872151],[17.79788531,59.17847128],[17.79826803,59.17828641],[17.79793267,59.17823488],[17.79784974,59.17821978],[17.79782409,59.17821512],[17.79719755,59.1780962],[17.79658684,59.17795717],[17.796401,59.1779123],[17.79580876,59.17775373],[17.7952375,59.1775762],[17.79468914,59.17738039],[17.79453765,59.17732301],[17.79410895,59.17714825],[17.79355682,59.17727017],[17.79292762,59.1773854],[17.79274662,59.17741211],[17.79210434,59.17750677],[17.79145167,59.17758027],[17.7907912,59.17763247],[17.79012563,59.17766303],[17.78992079,59.17767174],[17.78925275,59.1776807],[17.78921837,59.17768045],[17.78916825,59.17768009],[17.78913199,59.17767979],[17.7884642,59.17766699],[17.78779925,59.17763249],[17.78759505,59.1776207],[17.78693585,59.17756459],[17.78628489,59.17748729],[17.78564478,59.1773889],[17.78546541,59.17735951],[17.78483893,59.17724052],[17.78422828,59.17710143],[17.78363611,59.17694281],[17.78347135,59.17689594],[17.78290016,59.17671836],[17.78235189,59.17652249],[17.78182921,59.17630928],[17.78168543,59.17624696],[17.78118998,59.17601717],[17.78072417,59.17577174],[17.78028965,59.17551171],[17.78017236,59.17543607],[17.7797708,59.1751624],[17.77940403,59.17487621],[17.77907344,59.17457865],[17.77898723,59.17449282],[17.77887315,59.17437308],[17.77825519,59.17427805],[17.7782076,59.17426964],[17.77758119,59.17415062],[17.77750164,59.17413255],[17.777462,59.17412783],[17.77740519,59.17411961],[17.77732487,59.17410813],[17.77668484,59.1740097],[17.77605845,59.17389067],[17.77586714,59.17385245],[17.77545849,59.1737594],[17.77538483,59.17374453],[17.77477428,59.17360539],[17.77418221,59.17344673],[17.77361113,59.1732691],[17.77345249,59.17321715],[17.77290432,59.17302124],[17.77238175,59.17280799],[17.77188642,59.17257816],[17.77175263,59.17251229],[17.77172489,59.17249941],[17.77170139,59.17248725],[17.77167485,59.17247497],[17.77120915,59.1722295],[17.77117368,59.17221031],[17.77073928,59.17195025],[17.77070786,59.17192945],[17.77030642,59.17165575],[17.76993977,59.17136954],[17.76991227,59.17134722],[17.7695818,59.17104964],[17.76957251,59.17104004],[17.76926703,59.17080167],[17.76923939,59.17077935],[17.76890893,59.17048176],[17.76888581,59.17045827],[17.76859278,59.17015054],[17.76833843,59.1698339],[17.76831969,59.16980924],[17.76810514,59.16948501],[17.7680914,59.16945961],[17.76791732,59.16912904],[17.76778455,59.16879346],[17.76777552,59.16876742],[17.7676846,59.16842826],[17.76768074,59.16840193],[17.76763191,59.16806042],[17.76763078,59.16799999],[17.76759326,59.16773757],[17.76758833,59.16764092],[17.76758186,59.16729852],[17.76761772,59.16695665],[17.76769585,59.16661657],[17.76772784,59.16652129],[17.76784793,59.16618445],[17.76800938,59.16585221],[17.76821171,59.16552584],[17.76828541,59.16542734],[17.76852771,59.1651082],[17.76880893,59.16479757],[17.76888529,59.1647194],[17.76920438,59.16441856],[17.76956013,59.16412871],[17.76966979,59.1640395],[17.77006058,59.16376184],[17.77048489,59.16349738],[17.77094124,59.16324724],[17.7710709,59.1631771],[17.77122697,59.16310163],[17.7712497,59.16307761],[17.77156875,59.16277677],[17.7716774,59.16268578],[17.77203311,59.16239592],[17.77242386,59.16211825],[17.77284814,59.16185379],[17.77297782,59.16178221],[17.77343412,59.16153206],[17.77392023,59.16129726],[17.77443462,59.16107866],[17.77497479,59.1608773],[17.7751293,59.16082018],[17.77569342,59.16063681],[17.77627911,59.1604721],[17.77688382,59.16032675],[17.77705729,59.16028648],[17.7776789,59.16016107],[17.77831473,59.16005619],[17.77896219,59.15997208],[17.77914783,59.15995023],[17.77980453,59.15988748],[17.77981414,59.15988683],[17.77983862,59.15988451],[17.77987809,59.15988196],[17.78054113,59.15984054],[17.78056157,59.15983992],[17.78057521,59.15983909],[17.78124203,59.15981942],[17.78143067,59.15981672],[17.78209853,59.15981867],[17.78272389,59.15984094],[17.78298192,59.1598417],[17.78305991,59.15984452],[17.78363195,59.15972903],[17.78426775,59.15962413],[17.78491519,59.15953999],[17.78557187,59.15947721],[17.78623489,59.15943576],[17.7862408,59.15943564],[17.78680528,59.15936225],[17.78746195,59.15929947],[17.78812497,59.15925801],[17.78823621,59.15925275],[17.78885523,59.15923442],[17.78887649,59.15922615],[17.78931545,59.15906247],[17.78942691,59.15895721],[17.78978243,59.15866731],[17.790173,59.15838958],[17.79059709,59.15812506],[17.79105321,59.15787486],[17.79153915,59.15764],[17.79205337,59.15742133],[17.79259338,59.15721989],[17.79315734,59.15703644],[17.79374288,59.15687166],[17.79434745,59.15672623],[17.79496893,59.15660073],[17.79560464,59.15649577],[17.79616806,59.15642255],[17.79622001,59.15641398],[17.79626931,59.15640644],[17.79691666,59.15632225],[17.79696718,59.1563173],[17.79762377,59.15625446],[17.79828672,59.15621295],[17.79833788,59.15621059],[17.7987299,59.156199],[17.79933142,59.1560996],[17.79997875,59.15601539],[17.80016315,59.15599632],[17.80081972,59.15593338],[17.80148266,59.15589195],[17.80214939,59.15587217],[17.80233749,59.15587197],[17.80300527,59.15587381],[17.80367152,59.15589743],[17.80433347,59.1559426],[17.8045182,59.15596116],[17.80517327,59.15602786],[17.80581866,59.15611561],[17.80645207,59.15622428],[17.80707056,59.1563533],[17.80724452,59.15639006],[17.8076708,59.15649547],[17.80809162,59.15656767],[17.80871012,59.15669668],[17.80889548,59.15674217],[17.809497,59.15689096],[17.81007875,59.15705903],[17.81016639,59.15708624],[17.81072616,59.15727284],[17.81126173,59.15747739],[17.81142633,59.15754049],[17.8119356,59.15776196],[17.81241648,59.15799958],[17.81286687,59.15825233],[17.8129928,59.15832417],[17.81341104,59.15859109],[17.81379545,59.15887104],[17.81414448,59.159163],[17.81424061,59.15924599],[17.81455288,59.15954862],[17.81466638,59.15967804],[17.81471917,59.15970412],[17.81515144,59.15989212],[17.81518951,59.15990944],[17.81567044,59.16014705],[17.8157108,59.16016935],[17.81616124,59.16042209],[17.81637571,59.16055273],[17.81669206,59.16074495],[17.81717701,59.16103988],[17.81775977,59.16139413],[17.81817809,59.16166103],[17.81818189,59.16166346],[17.81819286,59.1616705],[17.81819685,59.16167338],[17.81820878,59.16168165],[17.81821444,59.16168548],[17.81857897,59.16195095],[17.81896622,59.16216812],[17.81909065,59.16224061],[17.81950898,59.16250751],[17.81978004,59.16270484],[17.81993407,59.1626829],[17.82058147,59.16259858],[17.82123813,59.16253553],[17.82136633,59.16252412],[17.82202937,59.16248258],[17.82223419,59.16247481],[17.82290104,59.16245492],[17.82356895,59.16245666],[17.82423533,59.16248017],[17.82442215,59.16249192],[17.82508425,59.16253698],[17.82573948,59.16260358],[17.82638505,59.16269123],[17.82656373,59.16272156],[17.82719732,59.16283013],[17.82781601,59.16295905],[17.82841772,59.16310774],[17.82899967,59.16327573],[17.82916349,59.16332337],[17.82972346,59.16350988],[17.83025924,59.16371436],[17.83076872,59.16393575],[17.83091131,59.16399885],[17.83139241,59.16423641],[17.83184302,59.16448909],[17.83226148,59.16475594],[17.83237731,59.16483211],[17.83276193,59.16511201],[17.8331112,59.16540391],[17.83342369,59.1657065],[17.83350833,59.16579287],[17.83378266,59.16610509],[17.83401785,59.16642553],[17.8342128,59.16675305],[17.83426768,59.16685471],[17.83442182,59.16718788],[17.8345038,59.16743027],[17.83452804,59.1675017],[17.83464071,59.16783928],[17.83471133,59.16817975],[17.83472653,59.16828489],[17.83475486,59.16862691],[17.83474078,59.16896924],[17.83468432,59.1693105],[17.83466139,59.1694065],[17.83456286,59.1697451],[17.83442275,59.17007993],[17.83424134,59.17040946],[17.83418241,59.17050121],[17.83404395,59.17070278],[17.83405882,59.17095202],[17.83470307,59.17095368],[17.83536963,59.17097713],[17.83542354,59.17097973],[17.83608582,59.17102474],[17.83614767,59.17103093],[17.83680308,59.17109747],[17.837412,59.17117589],[17.83764074,59.1712053],[17.8382865,59.17129289],[17.83834631,59.17130236],[17.83898009,59.17141078],[17.83959898,59.17153964],[17.83964821,59.17155033],[17.84025013,59.17169897],[17.84029711,59.17171213],[17.84087928,59.17188016],[17.84143946,59.17206662],[17.84148347,59.17208219],[17.84201946,59.17228661],[17.84252914,59.17250796],[17.84256988,59.17252575],[17.84305118,59.17276326],[17.84308819,59.17278311],[17.843539,59.17303575],[17.84367098,59.17311982],[17.84395766,59.17330256],[17.84399064,59.17332421],[17.84437545,59.17360408],[17.84440381,59.17362744],[17.84475326,59.17391931],[17.84506579,59.17422187],[17.84509329,59.17425055],[17.84536794,59.17456274],[17.84550882,59.17473107],[17.84559314,59.17482696],[17.84567873,59.1749293],[17.84569908,59.17495697],[17.8459343,59.17527739],[17.84593816,59.17528387],[17.84610418,59.17536575],[17.84624509,59.17544253],[17.84669596,59.17569516],[17.84711468,59.17596196],[17.84749955,59.17624182],[17.84759933,59.17632372],[17.84794883,59.17661558],[17.84826142,59.17691813],[17.84835866,59.17702856],[17.84866018,59.17704899],[17.84931573,59.17711546],[17.84936644,59.17712118],[17.85001234,59.1772087],[17.85006168,59.17721705],[17.85069562,59.1773255],[17.85095357,59.17737913],[17.85158385,59.17748694],[17.85261105,59.17767379],[17.8532301,59.17780259],[17.85328475,59.17781406],[17.85388683,59.17796263],[17.85393158,59.17797467],[17.85451391,59.17814254],[17.85453811,59.17815063],[17.85507427,59.17832903],[17.85511646,59.17834338],[17.85565263,59.17854774],[17.85569195,59.17856404],[17.85620182,59.17878533],[17.8566833,59.17902278],[17.85671947,59.17904094],[17.85717046,59.17929353],[17.85720316,59.17931339],[17.857622,59.17958016],[17.858007,59.17985998],[17.85803564,59.17988136],[17.85838527,59.18017319],[17.85840983,59.18019591],[17.85872254,59.18049844],[17.85899737,59.1808106],[17.85901754,59.18083432],[17.85925293,59.18115471],[17.85926842,59.18117944],[17.85946384,59.18150691],[17.85961829,59.18183996],[17.85962922,59.18186532],[17.85974218,59.18220287],[17.85974823,59.1822287],[17.859819,59.18256916],[17.85982062,59.18258862],[17.85982194,59.18258877],[17.85987246,59.18259565],[17.86050653,59.18270405],[17.8605639,59.1827151],[17.86118307,59.18284385],[17.86155677,59.18292735],[17.862023,59.18303135],[17.86247115,59.18313144],[17.8629112,59.18322964],[17.86351342,59.18337816],[17.86356474,59.18339113],[17.86414722,59.18355896],[17.86418918,59.18357214],[17.86474968,59.18375859],[17.86528599,59.18396291],[17.86532523,59.18397804],[17.86583524,59.18419929],[17.8658716,59.18421628],[17.86635323,59.1844537],[17.86680437,59.18470625],[17.86683741,59.18472492],[17.86725639,59.18499166],[17.86728594,59.18501176],[17.86767108,59.18529155],[17.86802085,59.18558336],[17.86805082,59.18560839],[17.86811799,59.18567078],[17.86838936,59.18593323],[17.86873362,59.18615229],[17.86876407,59.18617273],[17.86914923,59.18645252],[17.86918024,59.18647788],[17.86953003,59.18676968],[17.86979185,59.18700925],[17.86982125,59.18703618],[17.86982439,59.18703907],[17.8699057,59.18711499],[17.87021857,59.18741748],[17.87024471,59.18744502],[17.8705197,59.18775716],[17.87075524,59.18807753],[17.87077614,59.18810636],[17.87086604,59.1882518],[17.87106161,59.18857925],[17.8710766,59.1886082],[17.8712312,59.18894124],[17.87126687,59.18904799],[17.87127346,59.18906284],[17.87138657,59.18940038],[17.87139294,59.18942648],[17.87146384,59.18976693],[17.87147268,59.1898722],[17.87195531,59.18977448],[17.87259152,59.18966905],[17.87263982,59.18966133],[17.8732876,59.18957684],[17.87333713,59.18957161],[17.8739942,59.18950829],[17.87465769,59.18946648],[17.87471634,59.1894633],[17.87538381,59.18944304],[17.87662485,59.1894056],[17.87668244,59.18940522],[17.87735087,59.18940677],[17.87801781,59.18942999],[17.87806723,59.18943204],[17.87872992,59.18947683],[17.87877853,59.18948133],[17.87943437,59.18954765],[17.88008072,59.18963501],[17.88012823,59.18964178],[17.88076248,59.18975008],[17.88080859,59.18975912],[17.8814281,59.18988777],[17.88199395,59.19002732],[17.88199828,59.19002731],[17.88266524,59.19005051],[17.88332809,59.19009528],[17.88353006,59.19011514],[17.88418592,59.19018144],[17.8848323,59.19026878],[17.88491129,59.19028086],[17.88543246,59.19036982],[17.88555149,59.1902573],[17.88612426,59.18974785],[17.88647913,59.18945769],[17.88651174,59.18943172],[17.88690199,59.18915362],[17.88693389,59.18913297],[17.88735774,59.18886813],[17.88781341,59.18861759],[17.8878492,59.18859856],[17.88833502,59.18836325],[17.88837431,59.1883462],[17.88888836,59.18812724],[17.88942841,59.1879254],[17.8894706,59.18791036],[17.89003453,59.1877264],[17.89007951,59.18771354],[17.89066494,59.18754832],[17.89126977,59.18740244],[17.89131711,59.18739195],[17.89193863,59.18726599],[17.89257473,59.18716046],[17.89262372,59.18715237],[17.8932714,59.18706778],[17.89332175,59.18706216],[17.89397873,59.18699874],[17.89464215,59.18695683],[17.8946933,59.1869538],[17.8953607,59.18693345],[17.89541207,59.18693302],[17.89608046,59.18693447],[17.89654359,59.18695047],[17.89651067,59.18682947],[17.89646053,59.18648803],[17.89645984,59.18646109],[17.89645859,59.18644118],[17.89645828,59.18643921],[17.89645051,59.18609682],[17.89645301,59.18600018],[17.89648758,59.1856582],[17.89656448,59.18531815],[17.89668336,59.18498111],[17.89672242,59.18488654],[17.89688284,59.18455415],[17.89708389,59.18422758],[17.89732511,59.18390821],[17.8973537,59.18387415],[17.89739932,59.1838195],[17.89767951,59.18350869],[17.89799777,59.18320746],[17.89835247,59.18291726],[17.89846883,59.18283031],[17.89885877,59.18255226],[17.89922596,59.1823227],[17.89932953,59.18222453],[17.89950353,59.18194205],[17.89974471,59.18162267],[17.89982278,59.18152516],[17.89983294,59.18151389],[17.89993885,59.18137362],[17.90001691,59.18127592],[17.90029706,59.18096511],[17.90031496,59.180948],[17.90031549,59.18094745],[17.90032222,59.18094002],[17.90036585,59.18089781],[17.90037828,59.18088603],[17.90039174,59.18087288],[17.90039642,59.18086847],[17.90039946,59.18086508],[17.90044442,59.18082158],[17.90045779,59.18080897],[17.90047032,59.18079674],[17.90047193,59.18079527],[17.90047773,59.18078876],[17.90052083,59.1807471],[17.90054542,59.18072382],[17.90054702,59.18072226],[17.90086522,59.18042101],[17.90121987,59.18013081],[17.90133326,59.18004293],[17.90148259,59.17993646],[17.90159021,59.17984862],[17.90169271,59.17977544],[17.90198009,59.17957057],[17.9024037,59.17930559],[17.90265969,59.17916484],[17.902669,59.17915718],[17.90269185,59.17913717],[17.90273942,59.17909209],[17.90290106,59.1789503],[17.90305961,59.17881136],[17.90322467,59.1785431],[17.90346579,59.17822371],[17.90374588,59.17791289],[17.90383303,59.17781706],[17.90387298,59.17777924],[17.90415201,59.17746952],[17.90447015,59.17716827],[17.90456058,59.17708916],[17.90491517,59.17679895],[17.9049198,59.17679571],[17.90508496,59.17661233],[17.90516722,59.17652541],[17.90548535,59.17622416],[17.90583991,59.17593394],[17.90622972,59.17565588],[17.90634341,59.17557877],[17.90676694,59.17531387],[17.90722229,59.17506326],[17.90770779,59.17482797],[17.90786134,59.17475787],[17.90837492,59.17453884],[17.90891464,59.17433692],[17.9090344,59.17429228],[17.909598,59.17410824],[17.90977534,59.17405494],[17.91036059,59.17388964],[17.91096509,59.17374366],[17.91158644,59.1736177],[17.91176432,59.17358604],[17.91239995,59.17348042],[17.91304733,59.17339573],[17.91370386,59.17333222],[17.91389038,59.17331905],[17.91455351,59.17327704],[17.91522063,59.17325659],[17.91588874,59.17325785],[17.91607658,59.1732636],[17.91674322,59.17328654],[17.91740565,59.17333123],[17.91806124,59.17339727],[17.91824346,59.17342174],[17.91888961,59.17350901],[17.91952353,59.17361703],[17.92014289,59.1737455],[17.92074519,59.17389385],[17.92091449,59.17393604],[17.92149708,59.17410361],[17.92205773,59.17428981],[17.92259435,59.17449381],[17.92274439,59.17455206],[17.92325463,59.17477318],[17.92332259,59.17480659],[17.92390554,59.17492751],[17.92393648,59.17493481],[17.92453881,59.17508314],[17.92512143,59.17525069],[17.92568212,59.17543688],[17.92572356,59.1754523],[17.92626023,59.17565628],[17.92666318,59.17583092],[17.9269156,59.17591472],[17.92745228,59.17611869],[17.92796257,59.17633978],[17.92798741,59.17635162],[17.9284692,59.17658881],[17.92892083,59.17684114],[17.92934019,59.17710768],[17.92936003,59.17712187],[17.92974558,59.17740148],[17.93009579,59.17769311],[17.93040911,59.17799554],[17.93042317,59.1780114],[17.93069862,59.17832331],[17.93093467,59.17864366],[17.93113074,59.17897093],[17.93128588,59.17930397],[17.93129369,59.17932096],[17.93140734,59.17965835],[17.93147896,59.17999885],[17.93150826,59.18034085],[17.93150932,59.18035825],[17.93149636,59.18070066],[17.93144085,59.18104188],[17.93134326,59.18138062],[17.93133781,59.18139782],[17.93119844,59.18173266],[17.93101807,59.1820624],[17.93079699,59.18238552],[17.93077903,59.18241009],[17.93051859,59.18272547],[17.93045658,59.18279039],[17.9303776,59.18287123],[17.93036868,59.18292561],[17.93039372,59.18321793],[17.93038075,59.18356034],[17.93032523,59.18390155],[17.93022762,59.1842403],[17.9302226,59.18425757],[17.93008322,59.18459241],[17.92990282,59.18492215],[17.92968171,59.18524527],[17.92946645,59.18544957],[17.92843031,59.1851681],[17.92766005,59.1850844],[17.92797653,59.18591072],[17.92834102,59.18673758],[17.92884609,59.18796996],[17.92917391,59.18921127],[17.92925929,59.18971066],[17.92765901,59.18978061],[17.92905457,59.19058305],[17.92875544,59.19088933],[17.92866347,59.19097388],[17.92832704,59.19126976],[17.92795468,59.19155415],[17.92754772,59.19182583],[17.92742521,59.19189948],[17.92711746,59.19208008],[17.9274808,59.19218446],[17.92752432,59.19219857],[17.9280853,59.19238475],[17.92853344,59.19255505],[17.92858053,59.19256531],[17.92918305,59.19271362],[17.92922832,59.19272616],[17.92981141,59.19289368],[17.93037241,59.19307985],[17.93041499,59.1930947],[17.93095197,59.19329875],[17.93099141,59.19331565],[17.93150197,59.19353663],[17.93198418,59.1937738],[17.93202032,59.19379266],[17.93247207,59.19404507],[17.93250445,59.19406564],[17.9329242,59.19433215],[17.93330998,59.19461183],[17.93333831,59.19463392],[17.93368873,59.19492545],[17.93377045,59.19500429],[17.93378367,59.19501701],[17.93502583,59.19328601]]]},"geometry_name":"sp_geometry","properties":{"objectid":823,"objektidentitet":"dd159bb5-81a3-4f7d-96f4-83cdaf5a5800","objekttyp":"regso","regsokod":"0127R006","regsonamn":"Grödinge","lanskod":"01","kommunkod":"0127","version":"2025_v2","ansvarig_organisation":"Statistiska centralbyrån","referensdatum":"20250101"}},{"type":"Feature","id":"RegSO_2025.824","geometry":{"type":"Polygon","coordinates":[[[17.81508118,59.25102996],[17.81501739,59.25048468],[17.81544475,59.25056401],[17.81684726,59.25045216],[17.81711145,59.25044222],[17.81743639,59.25046366],[17.81841155,59.25045502],[17.81877734,59.25042454],[17.81932615,59.2503839],[17.82024072,59.25033352],[17.82097226,59.25029322],[17.82440652,59.25013298],[17.82474724,59.25080987],[17.82483423,59.25081391],[17.82521441,59.25083153],[17.82570205,59.2509379],[17.82635288,59.25094128],[17.82665966,59.25084639],[17.82670126,59.25059421],[17.82687633,59.25030823],[17.82713113,59.25001557],[17.82760931,59.25015269],[17.82822141,59.25017424],[17.82856746,59.25018854],[17.82878063,59.25016163],[17.82896717,59.25013466],[17.82929995,59.25012841],[17.82979227,59.25014294],[17.83274128,59.24997894],[17.83376013,59.24991119],[17.83449238,59.249892],[17.83563732,59.24984629],[17.83606347,59.2498061],[17.83667596,59.24976624],[17.83655752,59.2495683],[17.83656033,59.24912525],[17.8364993,59.24827978],[17.83639481,59.24797284],[17.83607677,59.2477541],[17.83589262,59.24741979],[17.8358825,59.24692213],[17.8355966,59.24587853],[17.83537596,59.24500554],[17.83524651,59.24454256],[17.83426802,59.24349024],[17.83226476,59.2431943],[17.83071269,59.24330365],[17.82915861,59.2434132],[17.82624862,59.24346705],[17.82344446,59.24362885],[17.82338506,59.24472731],[17.82349179,59.24509602],[17.82353564,59.24534805],[17.82363816,59.24585295],[17.82368336,59.24602168],[17.82366696,59.24606461],[17.82371122,59.24629534],[17.823933,59.24716805],[17.82394994,59.24735005],[17.82405526,59.2476666],[17.82159319,59.24785012],[17.82083158,59.24805269],[17.8180867,59.24823483],[17.81725081,59.24823353],[17.81601743,59.24816762],[17.81540387,59.24819268],[17.81446545,59.24823572],[17.81427351,59.24824454],[17.81176976,59.24836212],[17.81183659,59.24879405],[17.81230443,59.24972811],[17.81243523,59.25000054],[17.81229234,59.25048533],[17.8122769,59.2505331],[17.81225925,59.25061389],[17.81219594,59.25126567],[17.8130468,59.25159134],[17.81476455,59.25158787],[17.81497431,59.25142656],[17.81508118,59.25102996]]]},"geometry_name":"sp_geometry","properties":{"objectid":824,"objektidentitet":"93761330-a1ba-48b8-b72f-f9420e39ee44","objekttyp":"regso","regsokod":"0127R007","regsonamn":"Hallunda","lanskod":"01","kommunkod":"0127","version":"2025_v2","ansvarig_organisation":"Statistiska centralbyrån","referensdatum":"20250101"}},{"type":"Feature","id":"RegSO_2025.831","geometry":{"type":"Polygon","coordinates":[[[17.83090476,59.18795865],[17.83153257,59.18736012],[17.83246644,59.18734012],[17.83316522,59.18740188],[17.83361309,59.18710858],[17.83328091,59.18700829],[17.83328385,59.18700715],[17.83364114,59.1870219],[17.83392255,59.18710192],[17.83402175,59.1871524],[17.83435118,59.18749315],[17.83435421,59.18754708],[17.83414174,59.18772052],[17.83417041,59.187955],[17.83453975,59.18807837],[17.83457779,59.18805311],[17.8346139,59.18802708],[17.83464807,59.18800028],[17.83470082,59.18795726],[17.83479619,59.18788663],[17.83490305,59.18782061],[17.8349708,59.18778436],[17.83502118,59.18775973],[17.83514929,59.18770437],[17.83535882,59.18775676],[17.83606415,59.18797925],[17.83612765,59.18810238],[17.83635596,59.18807134],[17.83669303,59.1880249],[17.83693696,59.18799236],[17.83722334,59.18801898],[17.83742946,59.18801457],[17.83768077,59.1879647],[17.83792117,59.18793672],[17.83813055,59.18792451],[17.83836335,59.18792841],[17.83853896,59.18797048],[17.83887905,59.18812924],[17.83955944,59.18839871],[17.8397762,59.18844931],[17.83996426,59.1884709],[17.84045901,59.18844346],[17.84094574,59.18832312],[17.84188691,59.18828116],[17.84260505,59.18844512],[17.84283258,59.18850887],[17.84381033,59.18887736],[17.84386281,59.18889715],[17.84359495,59.18883294],[17.84391571,59.18890991],[17.84412585,59.188787],[17.84432897,59.1885416],[17.84441917,59.18812781],[17.84469981,59.18779879],[17.84485808,59.18761313],[17.84560373,59.18773281],[17.84588063,59.18777732],[17.84675068,59.18791691],[17.84699341,59.18779373],[17.84729682,59.18763974],[17.84797746,59.18729413],[17.84797702,59.18675124],[17.84680371,59.1864513],[17.84659953,59.18639909],[17.84647711,59.18617034],[17.84634068,59.1859155],[17.84630861,59.18590838],[17.84660283,59.18556082],[17.84664329,59.18554044],[17.84788141,59.18491785],[17.84788036,59.18437974],[17.84787976,59.18406559],[17.84824774,59.18363322],[17.84840695,59.18344547],[17.84848387,59.18335493],[17.84879283,59.18299069],[17.85151809,59.17982275],[17.85264733,59.17917555],[17.85433081,59.17826299],[17.85453811,59.17815063],[17.85451391,59.17814254],[17.85393158,59.17797467],[17.85388683,59.17796263],[17.85328475,59.17781406],[17.8532301,59.17780259],[17.85261105,59.17767379],[17.85158385,59.17748694],[17.85095357,59.17737913],[17.85069562,59.1773255],[17.85006168,59.17721705],[17.85001234,59.1772087],[17.84936644,59.17712118],[17.84931573,59.17711546],[17.84866018,59.17704899],[17.84835866,59.17702856],[17.84826142,59.17691813],[17.84794883,59.17661558],[17.84759933,59.17632372],[17.84749955,59.17624182],[17.84711468,59.17596196],[17.84669596,59.17569516],[17.84624509,59.17544253],[17.84610418,59.17536575],[17.84593816,59.17528387],[17.8459343,59.17527739],[17.84569908,59.17495697],[17.84567873,59.1749293],[17.84559314,59.17482696],[17.84550882,59.17473107],[17.84536794,59.17456274],[17.84509329,59.17425055],[17.84506579,59.17422187],[17.84475326,59.17391931],[17.84440381,59.17362744],[17.84437545,59.17360408],[17.84399064,59.17332421],[17.84395766,59.17330256],[17.84367098,59.17311982],[17.84094456,59.17340732],[17.8388339,59.17353379],[17.83794344,59.17358713],[17.83503951,59.17368936],[17.82412131,59.17407341],[17.82317071,59.17438138],[17.82140092,59.17495491],[17.81936941,59.17561298],[17.81873554,59.17581378],[17.8172198,59.17630322],[17.8149396,59.17703884],[17.8144977,59.17718038],[17.81441633,59.17720371],[17.81427029,59.17724981],[17.8133263,59.17755253],[17.81235923,59.17774857],[17.81217902,59.17784438],[17.81127193,59.17813101],[17.81020077,59.1784573],[17.80960469,59.18001261],[17.80962389,59.18001084],[17.8113136,59.17995766],[17.8119844,59.18004322],[17.81291103,59.18036768],[17.8131617,59.18047024],[17.81345233,59.18062682],[17.81376687,59.18079851],[17.81416024,59.1810895],[17.81448011,59.18134166],[17.81473699,59.18162834],[17.81485527,59.18179727],[17.81491226,59.18195128],[17.81502218,59.18215022],[17.81507093,59.18228832],[17.81512942,59.18246224],[17.81519741,59.18273575],[17.81530499,59.18299925],[17.81528948,59.18324062],[17.81542783,59.18359895],[17.81576688,59.18421875],[17.81628318,59.18492733],[17.81677379,59.18542356],[17.81702844,59.18581395],[17.81700895,59.18583854],[17.8173739,59.18621818],[17.81773364,59.18682729],[17.81788617,59.18709259],[17.81818651,59.18744498],[17.81836775,59.18757319],[17.8184967,59.1875978],[17.81896527,59.18795893],[17.8201045,59.18887596],[17.82101462,59.18964767],[17.82120392,59.18979287],[17.82196674,59.19039232],[17.82254541,59.19071484],[17.822577,59.19085079],[17.82320338,59.19148329],[17.82373,59.19177316],[17.82395825,59.19197528],[17.82430604,59.19211388],[17.82538027,59.19192433],[17.82593874,59.19190903],[17.82750938,59.19137455],[17.82776284,59.1909504],[17.82831652,59.19065553],[17.82932142,59.18978765],[17.82932449,59.18965543],[17.82938783,59.18955532],[17.82996786,59.18904175],[17.8300978,59.18877103],[17.83017307,59.18858127],[17.83039941,59.18840232],[17.83048115,59.1883204],[17.83067295,59.18815173],[17.83080077,59.18800026],[17.83090476,59.18795865]]]},"geometry_name":"sp_geometry","properties":{"objectid":831,"objektidentitet":"45cea39d-7957-4a0d-a2c4-fac548dcac4a","objekttyp":"regso","regsokod":"0127R008","regsonamn":"Kassmyra-Skäcklinge","lanskod":"01","kommunkod":"0127","version":"2025_v2","ansvarig_organisation":"Statistiska centralbyrån","referensdatum":"20250101"}},{"type":"Feature","id":"RegSO_2025.832","geometry":{"type":"Polygon","coordinates":[[[17.90278936,59.20482834],[17.90240654,59.20465847],[17.90191395,59.20451117],[17.90178325,59.2045219],[17.89995269,59.20483031],[17.89993636,59.20481837],[17.89915279,59.20447146],[17.89910178,59.2044576],[17.89881218,59.20425401],[17.89872369,59.20394981],[17.8977542,59.20371512],[17.8976106,59.20365032],[17.89706597,59.20316637],[17.8968923,59.20283199],[17.89656378,59.20282674],[17.89590185,59.20274141],[17.89539815,59.20274194],[17.89519078,59.20271728],[17.89482253,59.20247483],[17.89414822,59.20225168],[17.8940196,59.20216237],[17.8938103,59.2020824],[17.89367077,59.20201094],[17.89312477,59.2019895],[17.89250536,59.20179864],[17.89240768,59.20176757],[17.89223349,59.20190279],[17.89200892,59.20195819],[17.89150155,59.20185359],[17.89090704,59.20170259],[17.89078594,59.20167816],[17.8902497,59.20153107],[17.88977283,59.20142659],[17.88969343,59.20139125],[17.88959785,59.20135942],[17.88866067,59.20107453],[17.8883755,59.20096839],[17.88812993,59.20088464],[17.88753789,59.20066314],[17.88704914,59.20051013],[17.88683732,59.20044458],[17.88638079,59.20025906],[17.88627984,59.20020973],[17.88608131,59.20013715],[17.88502219,59.19969548],[17.88421236,59.19959388],[17.88398178,59.19957798],[17.8834392,59.19931727],[17.8815477,59.19905719],[17.88086,59.19885674],[17.8788588,59.19945477],[17.87867691,59.19959159],[17.87844509,59.19967075],[17.8778889,59.19993426],[17.87739948,59.20008839],[17.87698845,59.20015284],[17.8769589,59.20055525],[17.87735333,59.20083931],[17.87805533,59.20134492],[17.87807595,59.2013582],[17.87816882,59.20133575],[17.87821992,59.2013233],[17.87828064,59.20129644],[17.87836611,59.20127694],[17.87849392,59.20125776],[17.87858996,59.20125743],[17.87893025,59.20121234],[17.87903279,59.20116236],[17.87916189,59.2010949],[17.87945353,59.20239641],[17.8793451,59.20332668],[17.87915916,59.20506559],[17.8790348,59.20764206],[17.87800052,59.20835494],[17.88040143,59.20837721],[17.88372105,59.2091399],[17.88508857,59.20928123],[17.88603046,59.20947063],[17.88624497,59.20954358],[17.88692878,59.20988487],[17.88743964,59.21030646],[17.88800891,59.2103744],[17.88842698,59.21047929],[17.88875595,59.21052831],[17.88938704,59.21066772],[17.88945378,59.21068115],[17.8897608,59.21073551],[17.89006957,59.21076943],[17.89009855,59.21077894],[17.8904075,59.21085768],[17.89063995,59.2109119],[17.89073399,59.21094565],[17.89083856,59.21096902],[17.89107074,59.21101488],[17.89200477,59.2111771],[17.89239264,59.21132596],[17.89372503,59.21148775],[17.89385695,59.2115167],[17.89388153,59.21152191],[17.89416853,59.21157517],[17.8945592,59.2116086],[17.89537155,59.21180262],[17.89606435,59.21192446],[17.89596035,59.21213637],[17.89595328,59.21219277],[17.89684992,59.21353763],[17.89775916,59.21448494],[17.89885363,59.21562531],[17.90060501,59.21629058],[17.9005895,59.21630871],[17.9011611,59.21653367],[17.90210793,59.21694628],[17.90293917,59.21723128],[17.90432692,59.21678791],[17.90633841,59.2164162],[17.90644367,59.21636246],[17.90748391,59.21583061],[17.91195581,59.21567371],[17.91386317,59.21528409],[17.91486974,59.21476928],[17.91488301,59.21475029],[17.91539755,59.21411436],[17.9155878,59.21376457],[17.91577415,59.21348098],[17.91585037,59.21325826],[17.91600631,59.21280296],[17.91599611,59.2122008],[17.91704356,59.21090524],[17.91748926,59.20997518],[17.91714322,59.20967758],[17.91655639,59.20927757],[17.91649466,59.2091265],[17.91641894,59.20909927],[17.91605788,59.20897764],[17.91498568,59.20870558],[17.91473143,59.20845039],[17.91451493,59.20835822],[17.91388904,59.20816876],[17.91381273,59.20815331],[17.91362507,59.20813839],[17.91313805,59.20805758],[17.91179565,59.20730992],[17.91157849,59.20713348],[17.90965752,59.20663702],[17.90796558,59.20624204],[17.90749435,59.20606779],[17.90717263,59.20598487],[17.90609666,59.20569881],[17.9055255,59.20552157],[17.9052485,59.20538169],[17.90462736,59.20520439],[17.90278936,59.20482834]]]},"geometry_name":"sp_geometry","properties":{"objectid":832,"objektidentitet":"611fd476-2aa4-4ade-b625-036604f1015d","objekttyp":"regso","regsokod":"0127R009","regsonamn":"Lanthem-Tullinge centrum-Tullingeberg","lanskod":"01","kommunkod":"0127","version":"2025_v2","ansvarig_organisation":"Statistiska centralbyrån","referensdatum":"20250101"}},{"type":"Feature","id":"RegSO_2025.833","geometry":{"type":"Polygon","coordinates":[[[17.81540387,59.24819268],[17.81601743,59.24816762],[17.81725081,59.24823353],[17.8180867,59.24823483],[17.82083158,59.24805269],[17.82159319,59.24785012],[17.82405526,59.2476666],[17.82394994,59.24735005],[17.823933,59.24716805],[17.82371122,59.24629534],[17.82366696,59.24606461],[17.82368336,59.24602168],[17.82363816,59.24585295],[17.82353564,59.24534805],[17.82349179,59.24509602],[17.82338506,59.24472731],[17.82344446,59.24362885],[17.82290518,59.24362421],[17.81713208,59.24401136],[17.81709621,59.24399731],[17.81484004,59.24394061],[17.81467877,59.24398435],[17.81427627,59.24397572],[17.81252487,59.24393824],[17.81242032,59.24398937],[17.81163553,59.24421036],[17.80962792,59.24415996],[17.80840618,59.24426855],[17.8065745,59.24431546],[17.80548409,59.24442604],[17.80539768,59.24444991],[17.80447258,59.24499173],[17.80419705,59.24515892],[17.80395434,59.24531203],[17.80392773,59.24532958],[17.80383454,59.24539429],[17.80375963,59.245449],[17.80371222,59.24547051],[17.80226099,59.24629207],[17.80191988,59.24649769],[17.80108758,59.24706649],[17.80101697,59.24711725],[17.79983827,59.24802356],[17.79927766,59.24848076],[17.79931996,59.24865782],[17.79942044,59.24938359],[17.79938202,59.24988508],[17.80829662,59.24911516],[17.80968998,59.24899819],[17.81183659,59.24879405],[17.81176976,59.24836212],[17.81427351,59.24824454],[17.81446545,59.24823572],[17.81540387,59.24819268]]]},"geometry_name":"sp_geometry","properties":{"objectid":833,"objektidentitet":"3ef06804-3f22-412f-8c7d-24304b84be33","objekttyp":"regso","regsokod":"0127R010","regsonamn":"Norsborg","lanskod":"01","kommunkod":"0127","version":"2025_v2","ansvarig_organisation":"Statistiska centralbyrån","referensdatum":"20250101"}},{"type":"Feature","id":"RegSO_2025.834","geometry":{"type":"Polygon","coordinates":[[[17.91472081,59.1895857],[17.91606166,59.18869681],[17.91637351,59.18872144],[17.9167581,59.18857804],[17.91808342,59.1890212],[17.92040871,59.19029032],[17.92765901,59.18978061],[17.92925929,59.18971066],[17.92917391,59.18921127],[17.92884609,59.18796996],[17.92834102,59.18673758],[17.92797653,59.18591072],[17.92766005,59.1850844],[17.92843031,59.1851681],[17.92946645,59.18544957],[17.92968171,59.18524527],[17.92990282,59.18492215],[17.93008322,59.18459241],[17.9302226,59.18425757],[17.93022762,59.1842403],[17.93032523,59.18390155],[17.93038075,59.18356034],[17.93039372,59.18321793],[17.93036868,59.18292561],[17.9303776,59.18287123],[17.93045658,59.18279039],[17.93051859,59.18272547],[17.93077903,59.18241009],[17.93079699,59.18238552],[17.93101807,59.1820624],[17.93119844,59.18173266],[17.93133781,59.18139782],[17.93134326,59.18138062],[17.93144085,59.18104188],[17.93149636,59.18070066],[17.93150932,59.18035825],[17.93150826,59.18034085],[17.93147896,59.17999885],[17.93140734,59.17965835],[17.93129369,59.17932096],[17.93128588,59.17930397],[17.93113074,59.17897093],[17.93093467,59.17864366],[17.93069862,59.17832331],[17.93042317,59.1780114],[17.93040911,59.17799554],[17.93009579,59.17769311],[17.92974558,59.17740148],[17.92936003,59.17712187],[17.92934019,59.17710768],[17.92892083,59.17684114],[17.9284692,59.17658881],[17.92798741,59.17635162],[17.92796257,59.17633978],[17.92745228,59.17611869],[17.9269156,59.17591472],[17.92666318,59.17583092],[17.92626023,59.17565628],[17.92572356,59.1754523],[17.92568212,59.17543688],[17.92512143,59.17525069],[17.92453881,59.17508314],[17.92393648,59.17493481],[17.92390554,59.17492751],[17.92332259,59.17480659],[17.92325463,59.17477318],[17.92274439,59.17455206],[17.92259435,59.17449381],[17.92205773,59.17428981],[17.92149708,59.17410361],[17.92091449,59.17393604],[17.92074519,59.17389385],[17.92014289,59.1737455],[17.91952353,59.17361703],[17.91888961,59.17350901],[17.91824346,59.17342174],[17.91806124,59.17339727],[17.91740565,59.17333123],[17.91674322,59.17328654],[17.91607658,59.1732636],[17.91588874,59.17325785],[17.91522063,59.17325659],[17.91455351,59.17327704],[17.91389038,59.17331905],[17.91370386,59.17333222],[17.91304733,59.17339573],[17.91239995,59.17348042],[17.91176432,59.17358604],[17.91158644,59.1736177],[17.91096509,59.17374366],[17.91036059,59.17388964],[17.90977534,59.17405494],[17.909598,59.17410824],[17.9090344,59.17429228],[17.90891464,59.17433692],[17.90837492,59.17453884],[17.90786134,59.17475787],[17.90770779,59.17482797],[17.90722229,59.17506326],[17.90676694,59.17531387],[17.90634341,59.17557877],[17.90622972,59.17565588],[17.90583991,59.17593394],[17.90548535,59.17622416],[17.90516722,59.17652541],[17.90508496,59.17661233],[17.9049198,59.17679571],[17.90491517,59.17679895],[17.90456058,59.17708916],[17.90447015,59.17716827],[17.90415201,59.17746952],[17.90387298,59.17777924],[17.90383303,59.17781706],[17.90374588,59.17791289],[17.90346579,59.17822371],[17.90322467,59.1785431],[17.90305961,59.17881136],[17.90290106,59.1789503],[17.90273942,59.17909209],[17.90269185,59.17913717],[17.902669,59.17915718],[17.90265969,59.17916484],[17.9024037,59.17930559],[17.90198009,59.17957057],[17.90169271,59.17977544],[17.90159021,59.17984862],[17.90148259,59.17993646],[17.90133326,59.18004293],[17.90121987,59.18013081],[17.90086522,59.18042101],[17.90054702,59.18072226],[17.90054542,59.18072382],[17.90052083,59.1807471],[17.90047773,59.18078876],[17.90047193,59.18079527],[17.90047032,59.18079674],[17.90045779,59.18080897],[17.90044442,59.18082158],[17.90039946,59.18086508],[17.90039642,59.18086847],[17.90039174,59.18087288],[17.90037828,59.18088603],[17.90036585,59.18089781],[17.90032222,59.18094002],[17.90031549,59.18094745],[17.90031496,59.180948],[17.90029706,59.18096511],[17.90001691,59.18127592],[17.89993885,59.18137362],[17.89983294,59.18151389],[17.89982278,59.18152516],[17.89974471,59.18162267],[17.89950353,59.18194205],[17.89932953,59.18222453],[17.89922596,59.1823227],[17.89885877,59.18255226],[17.89846883,59.18283031],[17.89835247,59.18291726],[17.89799777,59.18320746],[17.89767951,59.18350869],[17.89739932,59.1838195],[17.8973537,59.18387415],[17.90427335,59.18605205],[17.90392467,59.18630916],[17.90280115,59.18675158],[17.90240572,59.18691575],[17.90177955,59.1871635],[17.90156586,59.18725048],[17.90183775,59.18736605],[17.90465027,59.18826655],[17.9063589,59.18890798],[17.90917136,59.18984719],[17.909802,59.19005767],[17.91183036,59.1906579],[17.91338608,59.19021838],[17.91472081,59.1895857]]]},"geometry_name":"sp_geometry","properties":{"objectid":834,"objektidentitet":"8667a1fc-67e7-4991-ac58-4d39ee787eb4","objekttyp":"regso","regsokod":"0127R011","regsonamn":"Riksten","lanskod":"01","kommunkod":"0127","version":"2025_v2","ansvarig_organisation":"Statistiska centralbyrån","referensdatum":"20250101"}},{"type":"Feature","id":"RegSO_2025.835","geometry":{"type":"Polygon","coordinates":[[[17.84529573,59.2660607],[17.85077937,59.26054761],[17.85122796,59.26013063],[17.8512851,59.26008886],[17.85257145,59.25921448],[17.85285157,59.25904123],[17.85405288,59.25836365],[17.85374328,59.25765345],[17.85413561,59.25650785],[17.85439817,59.25607159],[17.85452479,59.25590755],[17.85433593,59.25558019],[17.8543049,59.25551026],[17.85424026,59.25530487],[17.85422114,59.25472709],[17.85425121,59.25456428],[17.85427469,59.2545077],[17.8542542,59.25447024],[17.85396748,59.25430809],[17.8528557,59.25201673],[17.8535046,59.25001447],[17.85253932,59.24994743],[17.8514731,59.25014213],[17.85091918,59.2501558],[17.84943388,59.24962659],[17.84800581,59.24916736],[17.84698652,59.24872989],[17.84640225,59.24844361],[17.84632448,59.24840093],[17.84599243,59.24834801],[17.84571888,59.24829587],[17.84554954,59.24825825],[17.84530989,59.248198],[17.84479026,59.24804838],[17.84375129,59.24709448],[17.84343571,59.24683285],[17.84297061,59.24649517],[17.84207752,59.24516425],[17.84095381,59.24509106],[17.84010046,59.24483588],[17.83897449,59.24435459],[17.8382733,59.24333551],[17.83796425,59.2428141],[17.83520238,59.24305555],[17.83218334,59.24310552],[17.83226476,59.2431943],[17.83426802,59.24349024],[17.83524651,59.24454256],[17.83537596,59.24500554],[17.8355966,59.24587853],[17.8358825,59.24692213],[17.83589262,59.24741979],[17.83607677,59.2477541],[17.83639481,59.24797284],[17.8364993,59.24827978],[17.83656033,59.24912525],[17.83655752,59.2495683],[17.83667596,59.24976624],[17.83606347,59.2498061],[17.83563732,59.24984629],[17.83449238,59.249892],[17.83376013,59.24991119],[17.83274128,59.24997894],[17.82979227,59.25014294],[17.82929995,59.25012841],[17.82896717,59.25013466],[17.82878063,59.25016163],[17.82856746,59.25018854],[17.82822141,59.25017424],[17.82760931,59.25015269],[17.82713113,59.25001557],[17.82687633,59.25030823],[17.82670126,59.25059421],[17.82665966,59.25084639],[17.82635288,59.25094128],[17.82570205,59.2509379],[17.82521441,59.25083153],[17.82483423,59.25081391],[17.82474724,59.25080987],[17.82440652,59.25013298],[17.82097226,59.25029322],[17.82024072,59.25033352],[17.81932615,59.2503839],[17.81877734,59.25042454],[17.81841155,59.25045502],[17.81743639,59.25046366],[17.81711145,59.25044222],[17.81684726,59.25045216],[17.81544475,59.25056401],[17.81501739,59.25048468],[17.81508118,59.25102996],[17.81497431,59.25142656],[17.81476455,59.25158787],[17.8130468,59.25159134],[17.81219594,59.25126567],[17.81225925,59.25061389],[17.8122769,59.2505331],[17.81229234,59.25048533],[17.81243523,59.25000054],[17.81230443,59.24972811],[17.81183659,59.24879405],[17.80968998,59.24899819],[17.80829662,59.24911516],[17.79938202,59.24988508],[17.79905344,59.25033216],[17.79903079,59.25034873],[17.79600761,59.25221676],[17.78970933,59.25584229],[17.78900327,59.25622611],[17.78491704,59.25823803],[17.78298183,59.25919073],[17.78315392,59.26004246],[17.78315393,59.26004255],[17.78498138,59.26024878],[17.78593704,59.26066761],[17.79201524,59.26333154],[17.80186943,59.26317933],[17.80568667,59.26256721],[17.8085481,59.26209006],[17.81851213,59.26176379],[17.82147164,59.26174563],[17.82528579,59.26172214],[17.83249187,59.26167738],[17.83514846,59.26239668],[17.84093132,59.26396216],[17.84529573,59.2660607]]]},"geometry_name":"sp_geometry","properties":{"objectid":835,"objektidentitet":"40519151-11e2-43a0-b475-61e1c33ad661","objekttyp":"regso","regsokod":"0127R012","regsonamn":"Slagsta","lanskod":"01","kommunkod":"0127","version":"2025_v2","ansvarig_organisation":"Statistiska centralbyrån","referensdatum":"20250101"}},{"type":"Feature","id":"RegSO_2025.839","geometry":{"type":"Polygon","coordinates":[[[17.87516017,59.2004073],[17.87676956,59.20014196],[17.87698845,59.20015284],[17.87739948,59.20008839],[17.8778889,59.19993426],[17.87844509,59.19967075],[17.87867691,59.19959159],[17.8788588,59.19945477],[17.88086,59.19885674],[17.88107852,59.19879134],[17.88158668,59.19856176],[17.8816276,59.19844909],[17.88184086,59.19782267],[17.8820034,59.19734508],[17.88230904,59.19644745],[17.88178803,59.19619856],[17.88319281,59.19572421],[17.88533062,59.19536052],[17.88668631,59.19487545],[17.887269,59.19463333],[17.88930576,59.19366296],[17.89012042,59.193372],[17.89223336,59.19274928],[17.89526475,59.19064275],[17.89720104,59.18931163],[17.89897067,59.18844886],[17.89957892,59.18816306],[17.89982014,59.18804978],[17.90044494,59.18770046],[17.90096537,59.1874946],[17.90100821,59.18747703],[17.90156586,59.18725048],[17.90177955,59.1871635],[17.90240572,59.18691575],[17.90280115,59.18675158],[17.90392467,59.18630916],[17.90427335,59.18605205],[17.8973537,59.18387415],[17.89732511,59.18390821],[17.89708389,59.18422758],[17.89688284,59.18455415],[17.89672242,59.18488654],[17.89668336,59.18498111],[17.89656448,59.18531815],[17.89648758,59.1856582],[17.89645301,59.18600018],[17.89645051,59.18609682],[17.89645828,59.18643921],[17.89645859,59.18644118],[17.89645984,59.18646109],[17.89646053,59.18648803],[17.89651067,59.18682947],[17.89654359,59.18695047],[17.89608046,59.18693447],[17.89541207,59.18693302],[17.8953607,59.18693345],[17.8946933,59.1869538],[17.89464215,59.18695683],[17.89397873,59.18699874],[17.89332175,59.18706216],[17.8932714,59.18706778],[17.89262372,59.18715237],[17.89257473,59.18716046],[17.89193863,59.18726599],[17.89131711,59.18739195],[17.89126977,59.18740244],[17.89066494,59.18754832],[17.89007951,59.18771354],[17.89003453,59.1877264],[17.8894706,59.18791036],[17.88942841,59.1879254],[17.88888836,59.18812724],[17.88837431,59.1883462],[17.88833502,59.18836325],[17.8878492,59.18859856],[17.88781341,59.18861759],[17.88735774,59.18886813],[17.88693389,59.18913297],[17.88690199,59.18915362],[17.88651174,59.18943172],[17.88647913,59.18945769],[17.88612426,59.18974785],[17.88555149,59.1902573],[17.88543246,59.19036982],[17.88491129,59.19028086],[17.8848323,59.19026878],[17.88418592,59.19018144],[17.88353006,59.19011514],[17.88332809,59.19009528],[17.88266524,59.19005051],[17.88199828,59.19002731],[17.88199395,59.19002732],[17.8814281,59.18988777],[17.88080859,59.18975912],[17.88076248,59.18975008],[17.88012823,59.18964178],[17.88008072,59.18963501],[17.87943437,59.18954765],[17.87877853,59.18948133],[17.87872992,59.18947683],[17.87806723,59.18943204],[17.87801781,59.18942999],[17.87735087,59.18940677],[17.87668244,59.18940522],[17.87662485,59.1894056],[17.87538381,59.18944304],[17.87471634,59.1894633],[17.87465769,59.18946648],[17.8739942,59.18950829],[17.87333713,59.18957161],[17.8732876,59.18957684],[17.87263982,59.18966133],[17.87259152,59.18966905],[17.87195531,59.18977448],[17.87147268,59.1898722],[17.87146384,59.18976693],[17.87139294,59.18942648],[17.87138657,59.18940038],[17.87127346,59.18906284],[17.87126687,59.18904799],[17.8712312,59.18894124],[17.8710766,59.1886082],[17.87106161,59.18857925],[17.87086604,59.1882518],[17.87077614,59.18810636],[17.87075524,59.18807753],[17.8705197,59.18775716],[17.87024471,59.18744502],[17.87021857,59.18741748],[17.8699057,59.18711499],[17.86982439,59.18703907],[17.86982125,59.18703618],[17.86979185,59.18700925],[17.86953003,59.18676968],[17.86918024,59.18647788],[17.86914923,59.18645252],[17.86876407,59.18617273],[17.86873362,59.18615229],[17.86838936,59.18593323],[17.86811799,59.18567078],[17.86805082,59.18560839],[17.86802085,59.18558336],[17.86767108,59.18529155],[17.86728594,59.18501176],[17.86725639,59.18499166],[17.86683741,59.18472492],[17.86680437,59.18470625],[17.86635323,59.1844537],[17.8658716,59.18421628],[17.86583524,59.18419929],[17.86532523,59.18397804],[17.86528599,59.18396291],[17.86474968,59.18375859],[17.86418918,59.18357214],[17.86414722,59.18355896],[17.86356474,59.18339113],[17.86351342,59.18337816],[17.8629112,59.18322964],[17.86247115,59.18313144],[17.862023,59.18303135],[17.86155677,59.18292735],[17.86118307,59.18284385],[17.8605639,59.1827151],[17.86050653,59.18270405],[17.85987246,59.18259565],[17.85982194,59.18258877],[17.85982062,59.18258862],[17.859819,59.18256916],[17.85974823,59.1822287],[17.85974218,59.18220287],[17.85962922,59.18186532],[17.85961829,59.18183996],[17.85946384,59.18150691],[17.85926842,59.18117944],[17.85925293,59.18115471],[17.85901754,59.18083432],[17.85899737,59.1808106],[17.85872254,59.18049844],[17.85840983,59.18019591],[17.85838527,59.18017319],[17.85803564,59.17988136],[17.858007,59.17985998],[17.857622,59.17958016],[17.85720316,59.17931339],[17.85717046,59.17929353],[17.85671947,59.17904094],[17.8566833,59.17902278],[17.85620182,59.17878533],[17.85569195,59.17856404],[17.85565263,59.17854774],[17.85511646,59.17834338],[17.85507427,59.17832903],[17.85453811,59.17815063],[17.85433081,59.17826299],[17.85264733,59.17917555],[17.85151809,59.17982275],[17.84879283,59.18299069],[17.84848387,59.18335493],[17.84840695,59.18344547],[17.84824774,59.18363322],[17.84787976,59.18406559],[17.84788036,59.18437974],[17.84788141,59.18491785],[17.84664329,59.18554044],[17.84660283,59.18556082],[17.84630861,59.18590838],[17.84634068,59.1859155],[17.84647711,59.18617034],[17.84659953,59.18639909],[17.84680371,59.1864513],[17.84797702,59.18675124],[17.84797746,59.18729413],[17.84729682,59.18763974],[17.84699341,59.18779373],[17.84675068,59.18791691],[17.84588063,59.18777732],[17.84560373,59.18773281],[17.84485808,59.18761313],[17.84469981,59.18779879],[17.84441917,59.18812781],[17.84432897,59.1885416],[17.84412585,59.188787],[17.84391571,59.18890991],[17.84359495,59.18883294],[17.84386281,59.18889715],[17.84381033,59.18887736],[17.84283258,59.18850887],[17.84260505,59.18844512],[17.84188691,59.18828116],[17.84094574,59.18832312],[17.84045901,59.18844346],[17.83996426,59.1884709],[17.8397762,59.18844931],[17.83955944,59.18839871],[17.83887905,59.18812924],[17.83853896,59.18797048],[17.83836335,59.18792841],[17.83813055,59.18792451],[17.83792117,59.18793672],[17.83768077,59.1879647],[17.83742946,59.18801457],[17.83722334,59.18801898],[17.83693696,59.18799236],[17.83669303,59.1880249],[17.83635596,59.18807134],[17.83612765,59.18810238],[17.83606415,59.18797925],[17.83535882,59.18775676],[17.83514929,59.18770437],[17.83502118,59.18775973],[17.8349708,59.18778436],[17.83490305,59.18782061],[17.83479619,59.18788663],[17.83470082,59.18795726],[17.83464807,59.18800028],[17.8346139,59.18802708],[17.83457779,59.18805311],[17.83453975,59.18807837],[17.83417041,59.187955],[17.83414174,59.18772052],[17.83435421,59.18754708],[17.83435118,59.18749315],[17.83402175,59.1871524],[17.83392255,59.18710192],[17.83364114,59.1870219],[17.83328385,59.18700715],[17.83328091,59.18700829],[17.83361309,59.18710858],[17.83316522,59.18740188],[17.83246644,59.18734012],[17.83153257,59.18736012],[17.83090476,59.18795865],[17.83080077,59.18800026],[17.83067295,59.18815173],[17.83048115,59.1883204],[17.83039941,59.18840232],[17.83017307,59.18858127],[17.8300978,59.18877103],[17.82996786,59.18904175],[17.82938783,59.18955532],[17.82932449,59.18965543],[17.82932142,59.18978765],[17.82831652,59.19065553],[17.82776284,59.1909504],[17.82750938,59.19137455],[17.82909267,59.19245317],[17.82929106,59.1925103],[17.82926195,59.19267336],[17.82926126,59.19275234],[17.82938822,59.19341761],[17.82947986,59.19356861],[17.82990714,59.19391173],[17.83076159,59.19438687],[17.83127573,59.19467294],[17.83163027,59.1950808],[17.83277374,59.19549096],[17.83424445,59.19594059],[17.83524265,59.19657687],[17.83758355,59.19690677],[17.83897633,59.19694678],[17.83916807,59.19722243],[17.83925711,59.19730673],[17.83943138,59.19749203],[17.83978298,59.19767687],[17.84022972,59.19794291],[17.84046136,59.19810063],[17.8404785,59.19811391],[17.84149708,59.19805651],[17.84197329,59.19805122],[17.84205166,59.19805391],[17.84230661,59.19808714],[17.84248534,59.1981295],[17.84300971,59.19816663],[17.84325696,59.1981923],[17.84402188,59.19829082],[17.84411112,59.19830441],[17.84501535,59.19793856],[17.84582039,59.1972333],[17.84718654,59.1971041],[17.84768034,59.19729281],[17.84771749,59.19731221],[17.84784965,59.19734866],[17.84984846,59.19821103],[17.85123129,59.19848408],[17.85193037,59.19878694],[17.85194062,59.19919899],[17.85519135,59.19918689],[17.85642346,59.19925935],[17.85643639,59.19912889],[17.85643742,59.19912913],[17.85953457,59.1991079],[17.86051139,59.19898632],[17.86083598,59.19899355],[17.86083431,59.19916347],[17.8613971,59.19916895],[17.86162391,59.19917106],[17.86164232,59.19898891],[17.8631005,59.19897188],[17.86381768,59.19892723],[17.86417309,59.19892461],[17.8651774,59.19893831],[17.86583116,59.19897798],[17.86663434,59.19907355],[17.86708828,59.19915561],[17.86765748,59.19926856],[17.86878304,59.19957198],[17.86931283,59.19975901],[17.86934415,59.19977251],[17.87017035,59.20012808],[17.87042308,59.20016697],[17.8708148,59.20025435],[17.87104618,59.20031599],[17.87129604,59.20039627],[17.87168439,59.20044347],[17.87147253,59.20014998],[17.8715903,59.2000818],[17.87175517,59.20003772],[17.87216456,59.20009471],[17.8725375,59.2002594],[17.8728495,59.20044826],[17.8732518,59.20048788],[17.87365625,59.20048253],[17.87516017,59.2004073]]]},"geometry_name":"sp_geometry","properties":{"objectid":839,"objektidentitet":"09eb8e48-ce23-4d10-92d9-a4c41ed1a88f","objekttyp":"regso","regsokod":"0127R013","regsonamn":"Storvreten","lanskod":"01","kommunkod":"0127","version":"2025_v2","ansvarig_organisation":"Statistiska centralbyrån","referensdatum":"20250101"}},{"type":"Feature","id":"RegSO_2025.840","geometry":{"type":"Polygon","coordinates":[[[17.8799986,59.22706523],[17.88351082,59.22386393],[17.88445528,59.22413729],[17.88954212,59.22539698],[17.89402529,59.22655518],[17.89679377,59.22694146],[17.90180125,59.22777552],[17.90345543,59.22763293],[17.90505262,59.22758871],[17.90505045,59.22758706],[17.90450434,59.22715446],[17.90340225,59.22616065],[17.90265629,59.22542571],[17.90200404,59.22473332],[17.90174113,59.22412298],[17.90119537,59.22418673],[17.90056226,59.22371402],[17.90069673,59.22353232],[17.90079798,59.22305481],[17.90074916,59.22296678],[17.90080102,59.22263959],[17.90100608,59.22196679],[17.90110662,59.22136702],[17.90089157,59.22094687],[17.90080678,59.22078247],[17.90071639,59.22060481],[17.9005821,59.22037153],[17.90015345,59.21962635],[17.89974872,59.21916965],[17.89969397,59.21895714],[17.89938867,59.21858707],[17.89962255,59.21773439],[17.9009303,59.21662552],[17.9011611,59.21653367],[17.9005895,59.21630871],[17.90060501,59.21629058],[17.89885363,59.21562531],[17.89775916,59.21448494],[17.89684992,59.21353763],[17.89595328,59.21219277],[17.89596035,59.21213637],[17.89606435,59.21192446],[17.89537155,59.21180262],[17.8945592,59.2116086],[17.89416853,59.21157517],[17.89388153,59.21152191],[17.89385695,59.2115167],[17.89372503,59.21148775],[17.89239264,59.21132596],[17.89200477,59.2111771],[17.89107074,59.21101488],[17.89083856,59.21096902],[17.89073399,59.21094565],[17.89063995,59.2109119],[17.8904075,59.21085768],[17.89009855,59.21077894],[17.89006957,59.21076943],[17.8897608,59.21073551],[17.88945378,59.21068115],[17.88938704,59.21066772],[17.88875595,59.21052831],[17.88842698,59.21047929],[17.88800891,59.2103744],[17.88743964,59.21030646],[17.88692878,59.20988487],[17.88624497,59.20954358],[17.88603046,59.20947063],[17.88508857,59.20928123],[17.88372105,59.2091399],[17.88040143,59.20837721],[17.87800052,59.20835494],[17.87603822,59.20970725],[17.87462949,59.21140143],[17.87390229,59.21365801],[17.87383423,59.21468547],[17.87368862,59.21761736],[17.87047122,59.22060318],[17.8740178,59.22073647],[17.87721131,59.22096247],[17.87705802,59.22150723],[17.87707613,59.22172056],[17.87710298,59.22191572],[17.87717071,59.22216901],[17.87727574,59.22248067],[17.87741404,59.2227376],[17.87756003,59.22289725],[17.87773569,59.22304169],[17.87783284,59.22310018],[17.87783625,59.22323845],[17.87778654,59.2233691],[17.87759953,59.22346039],[17.87718325,59.2235739],[17.87684863,59.22369594],[17.87665501,59.22375683],[17.8764979,59.22386694],[17.87643421,59.22403402],[17.87638772,59.22422865],[17.87620571,59.22433833],[17.87604886,59.2245699],[17.87585042,59.22460295],[17.87567886,59.22474231],[17.87541931,59.22484436],[17.87506142,59.22487734],[17.87480505,59.22490565],[17.87472285,59.22502992],[17.8747858,59.22520084],[17.87490758,59.2253647],[17.87492061,59.22549369],[17.87485793,59.22570566],[17.87485935,59.2258925],[17.87492755,59.22611532],[17.87498712,59.22642628],[17.87513127,59.22674417],[17.87518758,59.22695288],[17.87528932,59.22719634],[17.87544624,59.22753363],[17.87570547,59.2278789],[17.87581082,59.22812228],[17.87573493,59.22827345],[17.8755358,59.22845304],[17.87514616,59.22867592],[17.87668065,59.22947757],[17.87668304,59.22947841],[17.8799986,59.22706523]]]},"geometry_name":"sp_geometry","properties":{"objectid":840,"objektidentitet":"1c72a6bd-ce3d-444a-ad6f-f32bccd84e7f","objekttyp":"regso","regsokod":"0127R014","regsonamn":"Tullinge parkhem","lanskod":"01","kommunkod":"0127","version":"2025_v2","ansvarig_organisation":"Statistiska centralbyrån","referensdatum":"20250101"}},{"type":"Feature","id":"RegSO_2025.841","geometry":{"type":"Polygon","coordinates":[[[17.80589634,59.2001419],[17.80649313,59.19847647],[17.80659854,59.1985148],[17.80674245,59.19856649],[17.8073109,59.19876802],[17.80736197,59.19879189],[17.80756722,59.1988781],[17.80768901,59.19891877],[17.80825288,59.19912426],[17.80857932,59.1989343],[17.8088869,59.19792076],[17.80888482,59.19771077],[17.80891466,59.19729337],[17.80899119,59.19693273],[17.80901111,59.19672684],[17.81008756,59.19689213],[17.81036345,59.19693449],[17.81104891,59.19702217],[17.81121947,59.19701848],[17.81192236,59.19710371],[17.81251519,59.19716787],[17.81279764,59.19730926],[17.81349983,59.1974157],[17.81535269,59.19793381],[17.81624393,59.19818356],[17.81712499,59.19843047],[17.81724371,59.19846365],[17.81750134,59.19821065],[17.81828714,59.19842862],[17.81903969,59.19863734],[17.81913902,59.19866483],[17.81943893,59.19845879],[17.82030702,59.19869347],[17.82058082,59.19846518],[17.82083495,59.19853414],[17.8212196,59.19864096],[17.82194099,59.19884117],[17.821046,59.19953052],[17.82327729,59.20015566],[17.82363163,59.20027814],[17.82671003,59.20009917],[17.82713764,59.20005771],[17.82779289,59.20000931],[17.82817966,59.19998239],[17.82964083,59.19984735],[17.83065035,59.19981054],[17.83227202,59.19975274],[17.83448425,59.19969049],[17.83576228,59.1996431],[17.83644245,59.19961317],[17.83737891,59.19959946],[17.83842055,59.19960177],[17.83935112,59.19962321],[17.83997395,59.19962649],[17.84265512,59.19959652],[17.84533711,59.19944627],[17.8479177,59.19943321],[17.85194062,59.19919899],[17.85193037,59.19878694],[17.85123129,59.19848408],[17.84984846,59.19821103],[17.84784965,59.19734866],[17.84771749,59.19731221],[17.84768034,59.19729281],[17.84718654,59.1971041],[17.84582039,59.1972333],[17.84501535,59.19793856],[17.84411112,59.19830441],[17.84402188,59.19829082],[17.84325696,59.1981923],[17.84300971,59.19816663],[17.84248534,59.1981295],[17.84230661,59.19808714],[17.84205166,59.19805391],[17.84197329,59.19805122],[17.84149708,59.19805651],[17.8404785,59.19811391],[17.84046136,59.19810063],[17.84022972,59.19794291],[17.83978298,59.19767687],[17.83943138,59.19749203],[17.83925711,59.19730673],[17.83916807,59.19722243],[17.83897633,59.19694678],[17.83758355,59.19690677],[17.83524265,59.19657687],[17.83424445,59.19594059],[17.83277374,59.19549096],[17.83163027,59.1950808],[17.83127573,59.19467294],[17.83076159,59.19438687],[17.82990714,59.19391173],[17.82947986,59.19356861],[17.82938822,59.19341761],[17.82926126,59.19275234],[17.82926195,59.19267336],[17.82929106,59.1925103],[17.82909267,59.19245317],[17.82750938,59.19137455],[17.82593874,59.19190903],[17.82538027,59.19192433],[17.82430604,59.19211388],[17.82455919,59.19237439],[17.82510371,59.19280185],[17.82503689,59.19305063],[17.82426768,59.19334567],[17.82453564,59.19365059],[17.8239758,59.19379491],[17.82361989,59.19386769],[17.82308819,59.19401885],[17.82266009,59.19412859],[17.82247866,59.19418069],[17.82227905,59.19424162],[17.82189557,59.19433224],[17.82169026,59.19438368],[17.82119543,59.19449873],[17.82114993,59.19449693],[17.8196538,59.19488517],[17.81921526,59.19498237],[17.81864861,59.19524441],[17.81838531,59.19534939],[17.81831733,59.19538851],[17.817291,59.19498664],[17.81725309,59.19497175],[17.81581301,59.19448038],[17.81544939,59.19434398],[17.81476301,59.19412546],[17.8142351,59.19394051],[17.81399466,59.19384951],[17.81378349,59.19377376],[17.81325555,59.19361289],[17.81261554,59.19345552],[17.81197821,59.19323583],[17.81142311,59.19311344],[17.81012321,59.19292883],[17.80886624,59.19356906],[17.80856245,59.19372997],[17.80846881,59.19378024],[17.80798323,59.19403823],[17.80749874,59.19429728],[17.80701644,59.19455502],[17.80652321,59.19481866],[17.80365008,59.19632679],[17.8026417,59.19689287],[17.80256878,59.19693181],[17.80218915,59.19713018],[17.80185687,59.19696702],[17.80152415,59.19680377],[17.80116551,59.19662905],[17.80103384,59.19656613],[17.80038,59.19637917],[17.7997611,59.19607556],[17.79948665,59.19580343],[17.79847998,59.19470567],[17.79760118,59.19542963],[17.79646565,59.19631713],[17.79556766,59.19663076],[17.79540847,59.19670992],[17.79500348,59.19691124],[17.79283436,59.19851456],[17.79280751,59.19884888],[17.7928204,59.19902262],[17.79275861,59.20064809],[17.79269736,59.20160643],[17.79263043,59.20236447],[17.7915131,59.20548342],[17.79151229,59.20548587],[17.78930944,59.21127467],[17.7886566,59.21242008],[17.78408563,59.2205466],[17.78323724,59.22090326],[17.78328484,59.22102271],[17.78582775,59.22483818],[17.7888224,59.22724778],[17.79302594,59.22860381],[17.79889853,59.23002763],[17.80295738,59.222762],[17.80158862,59.22065664],[17.80235191,59.22056347],[17.80303585,59.22017078],[17.80389805,59.21800051],[17.80544645,59.21561752],[17.80589335,59.2142968],[17.80552961,59.21288155],[17.80652362,59.21225702],[17.80829808,59.21139758],[17.80949051,59.21133515],[17.8092788,59.21008328],[17.80955458,59.20822335],[17.80947487,59.20668061],[17.8104683,59.20536503],[17.81046521,59.20536428],[17.8078764,59.20473372],[17.80817396,59.20375552],[17.80734462,59.20264042],[17.80705817,59.20107483],[17.80589634,59.2001419]]]},"geometry_name":"sp_geometry","properties":{"objectid":841,"objektidentitet":"57b677b8-4c83-404b-ad6d-50f493dff5e7","objekttyp":"regso","regsokod":"0127R016","regsonamn":"Tumba centrum-Segersjö-Sandstugan","lanskod":"01","kommunkod":"0127","version":"2025_v2","ansvarig_organisation":"Statistiska centralbyrån","referensdatum":"20250101"}},{"type":"Feature","id":"RegSO_2025.842","geometry":{"type":"Polygon","coordinates":[[[17.82604496,59.20930894],[17.82638676,59.20910036],[17.82701224,59.20896063],[17.82706758,59.2089048],[17.82712978,59.20882538],[17.82713357,59.20880472],[17.82713355,59.20874687],[17.82707945,59.20845266],[17.82722095,59.20831006],[17.82799816,59.20805742],[17.82906908,59.20750093],[17.82928394,59.20747855],[17.82944442,59.20745538],[17.82974805,59.20739882],[17.82975751,59.2073979],[17.8297585,59.20739761],[17.82980711,59.20739322],[17.83016846,59.2073602],[17.83035772,59.20733568],[17.83078365,59.20726253],[17.83092806,59.20715877],[17.83225466,59.20680151],[17.83226824,59.20679977],[17.83265833,59.20669874],[17.83301735,59.20656451],[17.8336995,59.20662995],[17.8340469,59.20660306],[17.83508389,59.20607645],[17.83542126,59.20587468],[17.83568518,59.20574028],[17.83587605,59.20559075],[17.8359646,59.2054635],[17.83627318,59.20520926],[17.8364062,59.20495463],[17.83627725,59.20454976],[17.83619154,59.20427233],[17.83616419,59.20399497],[17.83616304,59.20399508],[17.82852317,59.20484482],[17.82854419,59.20488757],[17.82859512,59.20495663],[17.82814879,59.20502384],[17.82806191,59.20503543],[17.82806166,59.20503418],[17.82805619,59.20501166],[17.82800507,59.20500496],[17.82609603,59.20521062],[17.82583828,59.20523842],[17.82545836,59.20530866],[17.82505923,59.20538256],[17.82443937,59.20578539],[17.82505174,59.20653651],[17.82495205,59.20832635],[17.82487617,59.20843787],[17.82480052,59.20852252],[17.82474006,59.20857244],[17.8246721,59.20862243],[17.82460358,59.20875319],[17.82454654,59.20886709],[17.82446559,59.2089523],[17.82442408,59.2090585],[17.82442314,59.20909086],[17.82468029,59.20948891],[17.82472483,59.20947896],[17.8253201,59.20948569],[17.82604496,59.20930894]]]},"geometry_name":"sp_geometry","properties":{"objectid":842,"objektidentitet":"314a0ad6-e7d6-487d-bcf4-dda77ad0b395","objekttyp":"regso","regsokod":"0127R017","regsonamn":"Tuna","lanskod":"01","kommunkod":"0127","version":"2025_v2","ansvarig_organisation":"Statistiska centralbyrån","referensdatum":"20250101"}},{"type":"Feature","id":"RegSO_2025.846","geometry":{"type":"Polygon","coordinates":[[[17.80886624,59.19356906],[17.81012321,59.19292883],[17.81142311,59.19311344],[17.81197821,59.19323583],[17.81261554,59.19345552],[17.81325555,59.19361289],[17.81378349,59.19377376],[17.81399466,59.19384951],[17.8142351,59.19394051],[17.81476301,59.19412546],[17.81544939,59.19434398],[17.81581301,59.19448038],[17.81725309,59.19497175],[17.817291,59.19498664],[17.81831733,59.19538851],[17.81838531,59.19534939],[17.81864861,59.19524441],[17.81921526,59.19498237],[17.8196538,59.19488517],[17.82114993,59.19449693],[17.82119543,59.19449873],[17.82169026,59.19438368],[17.82189557,59.19433224],[17.82227905,59.19424162],[17.82247866,59.19418069],[17.82266009,59.19412859],[17.82308819,59.19401885],[17.82361989,59.19386769],[17.8239758,59.19379491],[17.82453564,59.19365059],[17.82426768,59.19334567],[17.82503689,59.19305063],[17.82510371,59.19280185],[17.82455919,59.19237439],[17.82430604,59.19211388],[17.82395825,59.19197528],[17.82373,59.19177316],[17.82320338,59.19148329],[17.822577,59.19085079],[17.82254541,59.19071484],[17.82196674,59.19039232],[17.82120392,59.18979287],[17.82101462,59.18964767],[17.8201045,59.18887596],[17.81896527,59.18795893],[17.8184967,59.1875978],[17.81836775,59.18757319],[17.81818651,59.18744498],[17.81788617,59.18709259],[17.81773364,59.18682729],[17.8173739,59.18621818],[17.81700895,59.18583854],[17.81702844,59.18581395],[17.81677379,59.18542356],[17.81628318,59.18492733],[17.81576688,59.18421875],[17.81542783,59.18359895],[17.81528948,59.18324062],[17.81530499,59.18299925],[17.81519741,59.18273575],[17.81512942,59.18246224],[17.81507093,59.18228832],[17.81502218,59.18215022],[17.81491226,59.18195128],[17.81485527,59.18179727],[17.81473699,59.18162834],[17.81448011,59.18134166],[17.81416024,59.1810895],[17.81376687,59.18079851],[17.81345233,59.18062682],[17.8131617,59.18047024],[17.81291103,59.18036768],[17.8119844,59.18004322],[17.8113136,59.17995766],[17.80962389,59.18001084],[17.80960469,59.18001261],[17.80795603,59.18138404],[17.80635834,59.18205129],[17.80540933,59.18243788],[17.79577712,59.17999718],[17.79556673,59.18022971],[17.79554504,59.18025398],[17.79530289,59.18057317],[17.79528604,59.18059842],[17.7951825,59.18076586],[17.79486669,59.18106355],[17.79458559,59.18137423],[17.79434342,59.18169342],[17.79427718,59.18178387],[17.79407515,59.18211019],[17.79402807,59.18220724],[17.79396666,59.18224548],[17.79393301,59.18226651],[17.7935493,59.18253915],[17.79318347,59.1823995],[17.79314477,59.18238524],[17.79258467,59.18219848],[17.79254367,59.18218607],[17.79196157,59.18201792],[17.79135968,59.18186906],[17.79130946,59.18185693],[17.79116046,59.18182501],[17.79054157,59.18169591],[17.79047739,59.18168436],[17.78984356,59.18157561],[17.78919772,59.18148779],[17.78914115,59.18148101],[17.78848563,59.18141423],[17.78790058,59.18137424],[17.78788208,59.18137041],[17.78769268,59.18133513],[17.78705886,59.18122637],[17.78641304,59.18113853],[17.78628348,59.18112532],[17.78594461,59.1810415],[17.78532575,59.18091238],[17.78514793,59.18087918],[17.78451414,59.1807705],[17.78386832,59.18068256],[17.78321282,59.18061575],[17.7830257,59.18060117],[17.78236329,59.18055589],[17.78169658,59.18053217],[17.78128028,59.18053093],[17.78120028,59.18052348],[17.7811351,59.18051904],[17.78112046,59.18050237],[17.78080843,59.18019966],[17.78078402,59.18017637],[17.78043505,59.17988433],[17.78040641,59.1798623],[17.78002203,59.17958225],[17.77960379,59.17931522],[17.77957109,59.17929481],[17.77912066,59.17904195],[17.77907818,59.17902013],[17.77859723,59.17878238],[17.77807413,59.17853925],[17.77807097,59.1785377],[17.77753996,59.17828772],[17.77752811,59.17828223],[17.77685966,59.17797509],[17.77635031,59.17775348],[17.77630459,59.17773442],[17.77576891,59.17752973],[17.77572704,59.17751544],[17.77516712,59.17732869],[17.77458518,59.17716037],[17.77454074,59.1771482],[17.77393901,59.17699926],[17.77389245,59.17698939],[17.77327371,59.17686021],[17.77264003,59.17675147],[17.77259192,59.17674388],[17.77194621,59.17665588],[17.77189686,59.17665073],[17.77124146,59.17658386],[17.77057914,59.17653852],[17.77052898,59.17653573],[17.76986234,59.17651195],[17.76981195,59.17651176],[17.76914377,59.17650975],[17.76847661,59.17652937],[17.76842641,59.1765316],[17.76776302,59.17657287],[17.76771361,59.17657761],[17.76767966,59.17658085],[17.76710044,59.17661691],[17.7664434,59.17667959],[17.7662585,59.17669763],[17.76561069,59.17678168],[17.76497452,59.1768865],[17.76483746,59.17691412],[17.76452285,59.17695244],[17.76438785,59.17695208],[17.76419972,59.17695501],[17.76353255,59.17697459],[17.76286915,59.17701584],[17.7622121,59.17707859],[17.76202866,59.17710037],[17.76138083,59.1771844],[17.76130518,59.17719679],[17.76078592,59.17726415],[17.76014971,59.17736894],[17.75997216,59.17740102],[17.75935017,59.17752635],[17.75874508,59.17767162],[17.75815901,59.17783624],[17.75813491,59.17784349],[17.75797967,59.17787482],[17.75793213,59.17788508],[17.75732704,59.17803034],[17.75728171,59.1780429],[17.75669563,59.17820752],[17.75613112,59.17839081],[17.75608828,59.17840565],[17.75554773,59.17860694],[17.75503309,59.17882537],[17.75499346,59.17884229],[17.75497678,59.17885037],[17.75455008,59.17903146],[17.75406345,59.17926627],[17.7539397,59.17933394],[17.75348611,59.17920269],[17.75288443,59.17905365],[17.75226572,59.17892438],[17.75163206,59.17881545],[17.75098637,59.17872743],[17.75033096,59.17866046],[17.7498942,59.17863054],[17.74952901,59.17852481],[17.74892736,59.17837575],[17.74830869,59.17824645],[17.74767504,59.17813751],[17.74758898,59.1781245],[17.7469433,59.17803638],[17.74628792,59.17796939],[17.74562561,59.17792392],[17.74495896,59.17790001],[17.74429075,59.17789787],[17.74418901,59.17789822],[17.74411009,59.17790052],[17.74405162,59.17788603],[17.74343297,59.17775671],[17.74328183,59.17772783],[17.74264822,59.17761886],[17.74255759,59.17760649],[17.74241871,59.17757214],[17.74180007,59.17744281],[17.74149388,59.17739016],[17.74102225,59.17723267],[17.7408996,59.17719537],[17.74031782,59.17702699],[17.73971624,59.17687789],[17.73909762,59.17674855],[17.73898548,59.17672531],[17.73888635,59.17670764],[17.73825277,59.17659873],[17.73813062,59.17658199],[17.73802529,59.17656445],[17.73737967,59.17647636],[17.73672434,59.17640932],[17.73650853,59.17638925],[17.73614945,59.17636457],[17.73586725,59.17767697],[17.73561837,59.17872214],[17.73788656,59.18145706],[17.74601941,59.18176456],[17.75072199,59.18410821],[17.75671089,59.18510338],[17.76045523,59.18450749],[17.76430323,59.18598395],[17.76887945,59.187045],[17.76925083,59.18711111],[17.77382696,59.18757055],[17.77491397,59.1879039],[17.77603586,59.18853312],[17.77703542,59.18946042],[17.77997233,59.19030396],[17.78522253,59.19060889],[17.78773259,59.19044437],[17.79067872,59.1911132],[17.79146786,59.19113397],[17.79211775,59.19116645],[17.79320806,59.1917203],[17.79304889,59.19218144],[17.79337835,59.19262417],[17.79410996,59.19305914],[17.7952929,59.19368321],[17.79847998,59.19470567],[17.79948665,59.19580343],[17.7997611,59.19607556],[17.80038,59.19637917],[17.80103384,59.19656613],[17.80116551,59.19662905],[17.80152415,59.19680377],[17.80185687,59.19696702],[17.80218915,59.19713018],[17.80256878,59.19693181],[17.8026417,59.19689287],[17.80365008,59.19632679],[17.80652321,59.19481866],[17.80701644,59.19455502],[17.80749874,59.19429728],[17.80798323,59.19403823],[17.80846881,59.19378024],[17.80856245,59.19372997],[17.80886624,59.19356906]]]},"geometry_name":"sp_geometry","properties":{"objectid":846,"objektidentitet":"1f725511-9a11-419e-bdb2-fb2fb1e2bd80","objekttyp":"regso","regsokod":"0127R018","regsonamn":"Uttran-Broäng","lanskod":"01","kommunkod":"0127","version":"2025_v2","ansvarig_organisation":"Statistiska centralbyrån","referensdatum":"20250101"}},{"type":"Feature","id":"RegSO_2025.850","geometry":{"type":"Polygon","coordinates":[[[17.81507476,59.2313868],[17.81996712,59.22980709],[17.82091675,59.22938106],[17.82588254,59.22856611],[17.82672557,59.22846719],[17.83208992,59.22783837],[17.83310363,59.22776364],[17.83345034,59.22773803],[17.83389921,59.22751326],[17.83466217,59.22745701],[17.83492823,59.22732373],[17.83556201,59.22727694],[17.83565318,59.22760708],[17.84024605,59.22745659],[17.84499731,59.22730078],[17.85614954,59.22856444],[17.86206283,59.22925569],[17.86616044,59.22963617],[17.86696695,59.2297111],[17.86733167,59.22974501],[17.87371427,59.23019378],[17.87431252,59.22968016],[17.87449919,59.22951216],[17.87354954,59.22926202],[17.87400045,59.22896466],[17.87415,59.22891051],[17.87465723,59.22876363],[17.87514616,59.22867592],[17.8755358,59.22845304],[17.87573493,59.22827345],[17.87581082,59.22812228],[17.87570547,59.2278789],[17.87544624,59.22753363],[17.87528932,59.22719634],[17.87518758,59.22695288],[17.87513127,59.22674417],[17.87498712,59.22642628],[17.87492755,59.22611532],[17.87485935,59.2258925],[17.87485793,59.22570566],[17.87492061,59.22549369],[17.87490758,59.2253647],[17.8747858,59.22520084],[17.87472285,59.22502992],[17.87480505,59.22490565],[17.87506142,59.22487734],[17.87541931,59.22484436],[17.87567886,59.22474231],[17.87585042,59.22460295],[17.87604886,59.2245699],[17.87620571,59.22433833],[17.87638772,59.22422865],[17.87643421,59.22403402],[17.8764979,59.22386694],[17.87665501,59.22375683],[17.87684863,59.22369594],[17.87718325,59.2235739],[17.87759953,59.22346039],[17.87778654,59.2233691],[17.87783625,59.22323845],[17.87783284,59.22310018],[17.87773569,59.22304169],[17.87756003,59.22289725],[17.87741404,59.2227376],[17.87727574,59.22248067],[17.87717071,59.22216901],[17.87710298,59.22191572],[17.87707613,59.22172056],[17.87705802,59.22150723],[17.87721131,59.22096247],[17.8740178,59.22073647],[17.87047122,59.22060318],[17.87368862,59.21761736],[17.87383423,59.21468547],[17.87390229,59.21365801],[17.87462949,59.21140143],[17.87603822,59.20970725],[17.87800052,59.20835494],[17.8790348,59.20764206],[17.87915916,59.20506559],[17.8793451,59.20332668],[17.87945353,59.20239641],[17.87916189,59.2010949],[17.87903279,59.20116236],[17.87893025,59.20121234],[17.87858996,59.20125743],[17.87849392,59.20125776],[17.87836611,59.20127694],[17.87828064,59.20129644],[17.87821992,59.2013233],[17.87816882,59.20133575],[17.87807595,59.2013582],[17.87805533,59.20134492],[17.87735333,59.20083931],[17.8769589,59.20055525],[17.87698845,59.20015284],[17.87676956,59.20014196],[17.87516017,59.2004073],[17.87365625,59.20048253],[17.8732518,59.20048788],[17.8728495,59.20044826],[17.8725375,59.2002594],[17.87216456,59.20009471],[17.87175517,59.20003772],[17.8715903,59.2000818],[17.87147253,59.20014998],[17.87168439,59.20044347],[17.87129604,59.20039627],[17.87104618,59.20031599],[17.8708148,59.20025435],[17.87042308,59.20016697],[17.87017035,59.20012808],[17.86934415,59.19977251],[17.86931283,59.19975901],[17.86878304,59.19957198],[17.86765748,59.19926856],[17.86708828,59.19915561],[17.86663434,59.19907355],[17.86583116,59.19897798],[17.8651774,59.19893831],[17.86417309,59.19892461],[17.86381768,59.19892723],[17.8631005,59.19897188],[17.86164232,59.19898891],[17.86162391,59.19917106],[17.8613971,59.19916895],[17.86083431,59.19916347],[17.86083598,59.19899355],[17.86051139,59.19898632],[17.85953457,59.1991079],[17.85643742,59.19912913],[17.85643639,59.19912889],[17.85642346,59.19925935],[17.85519135,59.19918689],[17.85194062,59.19919899],[17.8479177,59.19943321],[17.84533711,59.19944627],[17.84265512,59.19959652],[17.83997395,59.19962649],[17.83935112,59.19962321],[17.83842055,59.19960177],[17.83737891,59.19959946],[17.83644245,59.19961317],[17.83576228,59.1996431],[17.83448425,59.19969049],[17.83227202,59.19975274],[17.83065035,59.19981054],[17.82964083,59.19984735],[17.82817966,59.19998239],[17.82779289,59.20000931],[17.82713764,59.20005771],[17.82671003,59.20009917],[17.82363163,59.20027814],[17.82327729,59.20015566],[17.821046,59.19953052],[17.82194099,59.19884117],[17.8212196,59.19864096],[17.82083495,59.19853414],[17.82058082,59.19846518],[17.82030702,59.19869347],[17.81943893,59.19845879],[17.81913902,59.19866483],[17.81903969,59.19863734],[17.81828714,59.19842862],[17.81750134,59.19821065],[17.81724371,59.19846365],[17.81712499,59.19843047],[17.81624393,59.19818356],[17.81535269,59.19793381],[17.81349983,59.1974157],[17.81279764,59.19730926],[17.81251519,59.19716787],[17.81192236,59.19710371],[17.81121947,59.19701848],[17.81104891,59.19702217],[17.81036345,59.19693449],[17.81008756,59.19689213],[17.80901111,59.19672684],[17.80899119,59.19693273],[17.80891466,59.19729337],[17.80888482,59.19771077],[17.8088869,59.19792076],[17.80857932,59.1989343],[17.80825288,59.19912426],[17.80768901,59.19891877],[17.80756722,59.1988781],[17.80736197,59.19879189],[17.8073109,59.19876802],[17.80674245,59.19856649],[17.80659854,59.1985148],[17.80649313,59.19847647],[17.80589634,59.2001419],[17.80705817,59.20107483],[17.80734462,59.20264042],[17.80817396,59.20375552],[17.8078764,59.20473372],[17.81046521,59.20536428],[17.8104683,59.20536503],[17.80947487,59.20668061],[17.80955458,59.20822335],[17.8092788,59.21008328],[17.80949051,59.21133515],[17.80829808,59.21139758],[17.80652362,59.21225702],[17.80552961,59.21288155],[17.80589335,59.2142968],[17.80544645,59.21561752],[17.80389805,59.21800051],[17.80303585,59.22017078],[17.80235191,59.22056347],[17.80158862,59.22065664],[17.80295738,59.222762],[17.79889853,59.23002763],[17.80271873,59.23101968],[17.80330484,59.23090158],[17.80394189,59.23079657],[17.80398706,59.23079029],[17.8046358,59.23070614],[17.8052938,59.23064316],[17.8053326,59.23064035],[17.80599698,59.23059888],[17.80666531,59.23057897],[17.80671727,59.23057794],[17.80738652,59.23057984],[17.80805437,59.23060342],[17.80871778,59.23064856],[17.80875185,59.23065142],[17.80940835,59.23071809],[17.81005532,59.2308058],[17.81069013,59.23091443],[17.81072244,59.23092056],[17.81134245,59.23104955],[17.81191136,59.23118997],[17.81195829,59.23119803],[17.81200519,59.23120752],[17.81262521,59.2313365],[17.81322794,59.23148535],[17.813273,59.23149713],[17.8138562,59.23166517],[17.81389885,59.23167916],[17.81408661,59.23174166],[17.81420933,59.2316975],[17.81502417,59.23140451],[17.81507476,59.2313868]],[[17.8253201,59.20948569],[17.82472483,59.20947896],[17.82468029,59.20948891],[17.82442314,59.20909086],[17.82442408,59.2090585],[17.82446559,59.2089523],[17.82454654,59.20886709],[17.82460358,59.20875319],[17.8246721,59.20862243],[17.82474006,59.20857244],[17.82480052,59.20852252],[17.82487617,59.20843787],[17.82495205,59.20832635],[17.82505174,59.20653651],[17.82443937,59.20578539],[17.82505923,59.20538256],[17.82545836,59.20530866],[17.82583828,59.20523842],[17.82609603,59.20521062],[17.82800507,59.20500496],[17.82805619,59.20501166],[17.82806166,59.20503418],[17.82806191,59.20503543],[17.82814879,59.20502384],[17.82859512,59.20495663],[17.82854419,59.20488757],[17.82852317,59.20484482],[17.83616304,59.20399508],[17.83616419,59.20399497],[17.83619154,59.20427233],[17.83627725,59.20454976],[17.8364062,59.20495463],[17.83627318,59.20520926],[17.8359646,59.2054635],[17.83587605,59.20559075],[17.83568518,59.20574028],[17.83542126,59.20587468],[17.83508389,59.20607645],[17.8340469,59.20660306],[17.8336995,59.20662995],[17.83301735,59.20656451],[17.83265833,59.20669874],[17.83226824,59.20679977],[17.83225466,59.20680151],[17.83092806,59.20715877],[17.83078365,59.20726253],[17.83035772,59.20733568],[17.83016846,59.2073602],[17.82980711,59.20739322],[17.8297585,59.20739761],[17.82975751,59.2073979],[17.82974805,59.20739882],[17.82944442,59.20745538],[17.82928394,59.20747855],[17.82906908,59.20750093],[17.82799816,59.20805742],[17.82722095,59.20831006],[17.82707945,59.20845266],[17.82713355,59.20874687],[17.82713357,59.20880472],[17.82712978,59.20882538],[17.82706758,59.2089048],[17.82701224,59.20896063],[17.82638676,59.20910036],[17.82604496,59.20930894],[17.8253201,59.20948569]]]},"geometry_name":"sp_geometry","properties":{"objectid":850,"objektidentitet":"eea99b62-0564-4055-abfb-2222ec9d780a","objekttyp":"regso","regsokod":"0127R019","regsonamn":"Vretarna-Hamra","lanskod":"01","kommunkod":"0127","version":"2025_v2","ansvarig_organisation":"Statistiska centralbyrån","referensdatum":"20250101"}},{"type":"Feature","id":"RegSO_2025.854","geometry":{"type":"Polygon","coordinates":[[[17.8149396,59.17703884],[17.8172198,59.17630322],[17.81873554,59.17581378],[17.81936941,59.17561298],[17.82140092,59.17495491],[17.82317071,59.17438138],[17.82412131,59.17407341],[17.83503951,59.17368936],[17.83794344,59.17358713],[17.8388339,59.17353379],[17.84094456,59.17340732],[17.84367098,59.17311982],[17.843539,59.17303575],[17.84308819,59.17278311],[17.84305118,59.17276326],[17.84256988,59.17252575],[17.84252914,59.17250796],[17.84201946,59.17228661],[17.84148347,59.17208219],[17.84143946,59.17206662],[17.84087928,59.17188016],[17.84029711,59.17171213],[17.84025013,59.17169897],[17.83964821,59.17155033],[17.83959898,59.17153964],[17.83898009,59.17141078],[17.83834631,59.17130236],[17.8382865,59.17129289],[17.83764074,59.1712053],[17.837412,59.17117589],[17.83680308,59.17109747],[17.83614767,59.17103093],[17.83608582,59.17102474],[17.83542354,59.17097973],[17.83536963,59.17097713],[17.83470307,59.17095368],[17.83405882,59.17095202],[17.83404395,59.17070278],[17.83418241,59.17050121],[17.83424134,59.17040946],[17.83442275,59.17007993],[17.83456286,59.1697451],[17.83466139,59.1694065],[17.83468432,59.1693105],[17.83474078,59.16896924],[17.83475486,59.16862691],[17.83472653,59.16828489],[17.83471133,59.16817975],[17.83464071,59.16783928],[17.83452804,59.1675017],[17.8345038,59.16743027],[17.83442182,59.16718788],[17.83426768,59.16685471],[17.8342128,59.16675305],[17.83401785,59.16642553],[17.83378266,59.16610509],[17.83350833,59.16579287],[17.83342369,59.1657065],[17.8331112,59.16540391],[17.83276193,59.16511201],[17.83237731,59.16483211],[17.83226148,59.16475594],[17.83184302,59.16448909],[17.83139241,59.16423641],[17.83091131,59.16399885],[17.83076872,59.16393575],[17.83025924,59.16371436],[17.82972346,59.16350988],[17.82916349,59.16332337],[17.82899967,59.16327573],[17.82841772,59.16310774],[17.82781601,59.16295905],[17.82719732,59.16283013],[17.82656373,59.16272156],[17.82638505,59.16269123],[17.82573948,59.16260358],[17.82508425,59.16253698],[17.82442215,59.16249192],[17.82423533,59.16248017],[17.82356895,59.16245666],[17.82290104,59.16245492],[17.82223419,59.16247481],[17.82202937,59.16248258],[17.82136633,59.16252412],[17.82123813,59.16253553],[17.82058147,59.16259858],[17.81993407,59.1626829],[17.81978004,59.16270484],[17.81950898,59.16250751],[17.81909065,59.16224061],[17.81896622,59.16216812],[17.81857897,59.16195095],[17.81821444,59.16168548],[17.81820878,59.16168165],[17.81819685,59.16167338],[17.81819286,59.1616705],[17.81818189,59.16166346],[17.81817809,59.16166103],[17.81775977,59.16139413],[17.81717701,59.16103988],[17.81669206,59.16074495],[17.81637571,59.16055273],[17.81616124,59.16042209],[17.8157108,59.16016935],[17.81567044,59.16014705],[17.81518951,59.15990944],[17.81515144,59.15989212],[17.81471917,59.15970412],[17.81466638,59.15967804],[17.81455288,59.15954862],[17.81424061,59.15924599],[17.81414448,59.159163],[17.81379545,59.15887104],[17.81341104,59.15859109],[17.8129928,59.15832417],[17.81286687,59.15825233],[17.81241648,59.15799958],[17.8119356,59.15776196],[17.81142633,59.15754049],[17.81126173,59.15747739],[17.81072616,59.15727284],[17.81016639,59.15708624],[17.81007875,59.15705903],[17.809497,59.15689096],[17.80889548,59.15674217],[17.80871012,59.15669668],[17.80809162,59.15656767],[17.8076708,59.15649547],[17.80724452,59.15639006],[17.80707056,59.1563533],[17.80645207,59.15622428],[17.80581866,59.15611561],[17.80517327,59.15602786],[17.8045182,59.15596116],[17.80433347,59.1559426],[17.80367152,59.15589743],[17.80300527,59.15587381],[17.80233749,59.15587197],[17.80214939,59.15587217],[17.80148266,59.15589195],[17.80081972,59.15593338],[17.80016315,59.15599632],[17.79997875,59.15601539],[17.79933142,59.1560996],[17.7987299,59.156199],[17.79833788,59.15621059],[17.79828672,59.15621295],[17.79762377,59.15625446],[17.79696718,59.1563173],[17.79691666,59.15632225],[17.79626931,59.15640644],[17.79622001,59.15641398],[17.79616806,59.15642255],[17.79560464,59.15649577],[17.79496893,59.15660073],[17.79434745,59.15672623],[17.79374288,59.15687166],[17.79315734,59.15703644],[17.79259338,59.15721989],[17.79205337,59.15742133],[17.79153915,59.15764],[17.79105321,59.15787486],[17.79059709,59.15812506],[17.790173,59.15838958],[17.78978243,59.15866731],[17.78942691,59.15895721],[17.78931545,59.15906247],[17.78887649,59.15922615],[17.78885523,59.15923442],[17.78823621,59.15925275],[17.78812497,59.15925801],[17.78746195,59.15929947],[17.78680528,59.15936225],[17.7862408,59.15943564],[17.78623489,59.15943576],[17.78557187,59.15947721],[17.78491519,59.15953999],[17.78426775,59.15962413],[17.78363195,59.15972903],[17.78305991,59.15984452],[17.78298192,59.1598417],[17.78272389,59.15984094],[17.78209853,59.15981867],[17.78143067,59.15981672],[17.78124203,59.15981942],[17.78057521,59.15983909],[17.78056157,59.15983992],[17.78054113,59.15984054],[17.77987809,59.15988196],[17.77983862,59.15988451],[17.77981414,59.15988683],[17.77980453,59.15988748],[17.77914783,59.15995023],[17.77896219,59.15997208],[17.77831473,59.16005619],[17.7776789,59.16016107],[17.77705729,59.16028648],[17.77688382,59.16032675],[17.77627911,59.1604721],[17.77569342,59.16063681],[17.7751293,59.16082018],[17.77497479,59.1608773],[17.77443462,59.16107866],[17.77392023,59.16129726],[17.77343412,59.16153206],[17.77297782,59.16178221],[17.77284814,59.16185379],[17.77242386,59.16211825],[17.77203311,59.16239592],[17.7716774,59.16268578],[17.77156875,59.16277677],[17.7712497,59.16307761],[17.77122697,59.16310163],[17.7710709,59.1631771],[17.77094124,59.16324724],[17.77048489,59.16349738],[17.77006058,59.16376184],[17.76966979,59.1640395],[17.76956013,59.16412871],[17.76920438,59.16441856],[17.76888529,59.1647194],[17.76880893,59.16479757],[17.76852771,59.1651082],[17.76828541,59.16542734],[17.76821171,59.16552584],[17.76800938,59.16585221],[17.76784793,59.16618445],[17.76772784,59.16652129],[17.76769585,59.16661657],[17.76761772,59.16695665],[17.76758186,59.16729852],[17.76758833,59.16764092],[17.76759326,59.16773757],[17.76763078,59.16799999],[17.76763191,59.16806042],[17.76768074,59.16840193],[17.7676846,59.16842826],[17.76777552,59.16876742],[17.76778455,59.16879346],[17.76791732,59.16912904],[17.7680914,59.16945961],[17.76810514,59.16948501],[17.76831969,59.16980924],[17.76833843,59.1698339],[17.76859278,59.17015054],[17.76888581,59.17045827],[17.76890893,59.17048176],[17.76923939,59.17077935],[17.76926703,59.17080167],[17.76957251,59.17104004],[17.7695818,59.17104964],[17.76991227,59.17134722],[17.76993977,59.17136954],[17.77030642,59.17165575],[17.77070786,59.17192945],[17.77073928,59.17195025],[17.77117368,59.17221031],[17.77120915,59.1722295],[17.77167485,59.17247497],[17.77170139,59.17248725],[17.77172489,59.17249941],[17.77175263,59.17251229],[17.77188642,59.17257816],[17.77238175,59.17280799],[17.77290432,59.17302124],[17.77345249,59.17321715],[17.77361113,59.1732691],[17.77418221,59.17344673],[17.77477428,59.17360539],[17.77538483,59.17374453],[17.77545849,59.1737594],[17.77586714,59.17385245],[17.77605845,59.17389067],[17.77668484,59.1740097],[17.77732487,59.17410813],[17.77740519,59.17411961],[17.777462,59.17412783],[17.77750164,59.17413255],[17.77758119,59.17415062],[17.7782076,59.17426964],[17.77825519,59.17427805],[17.77887315,59.17437308],[17.77898723,59.17449282],[17.77907344,59.17457865],[17.77940403,59.17487621],[17.7797708,59.1751624],[17.78017236,59.17543607],[17.78028965,59.17551171],[17.78072417,59.17577174],[17.78118998,59.17601717],[17.78168543,59.17624696],[17.78182921,59.17630928],[17.78235189,59.17652249],[17.78290016,59.17671836],[17.78347135,59.17689594],[17.78363611,59.17694281],[17.78422828,59.17710143],[17.78483893,59.17724052],[17.78546541,59.17735951],[17.78564478,59.1773889],[17.78628489,59.17748729],[17.78693585,59.17756459],[17.78759505,59.1776207],[17.78779925,59.17763249],[17.7884642,59.17766699],[17.78913199,59.17767979],[17.78916825,59.17768009],[17.78921837,59.17768045],[17.78925275,59.1776807],[17.78992079,59.17767174],[17.79012563,59.17766303],[17.7907912,59.17763247],[17.79145167,59.17758027],[17.79210434,59.17750677],[17.79274662,59.17741211],[17.79292762,59.1773854],[17.79355682,59.17727017],[17.79410895,59.17714825],[17.79453765,59.17732301],[17.79468914,59.17738039],[17.7952375,59.1775762],[17.79580876,59.17775373],[17.796401,59.1779123],[17.79658684,59.17795717],[17.79719755,59.1780962],[17.79782409,59.17821512],[17.79784974,59.17821978],[17.79793267,59.17823488],[17.79826803,59.17828641],[17.79788531,59.17847128],[17.79742911,59.17872151],[17.7973945,59.17874139],[17.79697007,59.17900593],[17.7969395,59.17902752],[17.79654876,59.17930527],[17.79619309,59.17959519],[17.79616681,59.17961812],[17.79584782,59.17991903],[17.79577712,59.17999718],[17.80540933,59.18243788],[17.80635834,59.18205129],[17.80795603,59.18138404],[17.80960469,59.18001261],[17.81020077,59.1784573],[17.81127193,59.17813101],[17.81217902,59.17784438],[17.81235923,59.17774857],[17.8133263,59.17755253],[17.81427029,59.17724981],[17.81441633,59.17720371],[17.8144977,59.17718038],[17.8149396,59.17703884]]]},"geometry_name":"sp_geometry","properties":{"objectid":854,"objektidentitet":"de0c4f11-f15f-423f-9f6a-0c36c922c0a1","objekttyp":"regso","regsokod":"0127R020","regsonamn":"Vårsta","lanskod":"01","kommunkod":"0127","version":"2025_v2","ansvarig_organisation":"Statistiska centralbyrån","referensdatum":"20250101"}}],"bbox":[17.66298035,59.04429566,17.98482939,59.26852]}